time,q_cmd,q_meas,elevator
0,0,0,0
0.002,0,0,0
0.004,0,0,0
0.006,0,0,0
0.008,0,0,0
0.01,0,0,0
0.012,0,0,0
0.014,0,0,0
0.016,0,0,0
0.018,0,0,0
0.02,0,0,0
0.022,0,0,0
0.024,0,0,0
0.026,0,0,0
0.028,0,0,0
0.03,0,0,0
0.032,0,0,0
0.034,0,0,0
0.036,0,0,0
0.038,0,0,0
0.04,0,0,0
0.042,0,0,0
0.044,0,0,0
0.046,0,0,0
0.048,0,0,0
0.05,0,0,0
0.052,0,0,0
0.054,0,0,0
0.056,0,0,0
0.058,0,0,0
0.06,0,0,0
0.062,0,0,0
0.064,0,0,0
0.066,0,0,0
0.068,0,0,0
0.07,0,0,0
0.072,0,0,0
0.074,0,0,0
0.076,0,0,0
0.078,0,0,0
0.08,0,0,0
0.082,0,0,0
0.084,0,0,0
0.086,0,0,0
0.088,0,0,0
0.09,0,0,0
0.092,0,0,0
0.094,0,0,0
0.0959999,0,0,0
0.0979999,0,0,0
0.0999999,0,0,0
0.102,0,0,0
0.104,0,0,0
0.106,0,0,0
0.108,0,0,0
0.11,0,0,0
0.112,0,0,0
0.114,0,0,0
0.116,0,0,0
0.118,0,0,0
0.12,0,0,0
0.122,0,0,0
0.124,0,0,0
0.126,0,0,0
0.128,0,0,0
0.13,0,0,0
0.132,0,0,0
0.134,0,0,0
0.136,0,0,0
0.138,0,0,0
0.14,0,0,0
0.142,0,0,0
0.144,0,0,0
0.146,0,0,0
0.148,0,0,0
0.15,0,0,0
0.152,0,0,0
0.154,0,0,0
0.156,0,0,0
0.158,0,0,0
0.16,0,0,0
0.162,0,0,0
0.164,0,0,0
0.166,0,0,0
0.168,0,0,0
0.17,0,0,0
0.172,0,0,0
0.174,0,0,0
0.176,0,0,0
0.178,0,0,0
0.18,0,0,0
0.182,0,0,0
0.184,0,0,0
0.186,0,0,0
0.188,0,0,0
0.19,0,0,0
0.192,0,0,0
0.194,0,0,0
0.196,0,0,0
0.198,0,0,0
0.2,0,0,0
0.202,0,0,0
0.204,0,0,0
0.206,0,0,0
0.208,0,0,0
0.21,0,0,0
0.212,0,0,0
0.214,0,0,0
0.216,0,0,0
0.218,0,0,0
0.22,0,0,0
0.222,0,0,0
0.224,0,0,0
0.226,0,0,0
0.228,0,0,0
0.23,0,0,0
0.232,0,0,0
0.234,0,0,0
0.236,0,0,0
0.238,0,0,0
0.24,0,0,0
0.242,0,0,0
0.244,0,0,0
0.246,0,0,0
0.248,0,0,0
0.25,0,0,0
0.252,0,0,0
0.254,0,0,0
0.256,0,0,0
0.258,0,0,0
0.26,0,0,0
0.262,0,0,0
0.264,0,0,0
0.266,0,0,0
0.268,0,0,0
0.27,0,0,0
0.272,0,0,0
0.274,0,0,0
0.276,0,0,0
0.278,0,0,0
0.28,0,0,0
0.282,0,0,0
0.284,0,0,0
0.286,0,0,0
0.288,0,0,0
0.29,0,0,0
0.292,0,0,0
0.294,0,0,0
0.296,0,0,0
0.298,0,0,0
0.3,0,0,0
0.302,0,0,0
0.304,0,0,0
0.306,0,0,0
0.308,0,0,0
0.31,0,0,0
0.312,0,0,0
0.314,0,0,0
0.316,0,0,0
0.318,0,0,0
0.32,0,0,0
0.322,0,0,0
0.324,0,0,0
0.326,0,0,0
0.328,0,0,0
0.33,0,0,0
0.332,0,0,0
0.334,0,0,0
0.336,0,0,0
0.338,0,0,0
0.34,0,0,0
0.342,0,0,0
0.344,0,0,0
0.346,0,0,0
0.348,0,0,0
0.35,0,0,0
0.352,0,0,0
0.354,0,0,0
0.356,0,0,0
0.358,0,0,0
0.36,0,0,0
0.362,0,0,0
0.364,0,0,0
0.366,0,0,0
0.368,0,0,0
0.37,0,0,0
0.372,0,0,0
0.374,0,0,0
0.376,0,0,0
0.378,0,0,0
0.38,0,0,0
0.382,0,0,0
0.384,0,0,0
0.386,0,0,0
0.388,0,0,0
0.39,0,0,0
0.392,0,0,0
0.394,0,0,0
0.396,0,0,0
0.398,0,0,0
0.4,0,0,0
0.402,0,0,0
0.404,0,0,0
0.406,0,0,0
0.408,0,0,0
0.41,0,0,0
0.412,0,0,0
0.414,0,0,0
0.416,0,0,0
0.418,0,0,0
0.42,0,0,0
0.422,0,0,0
0.424001,0,0,0
0.426001,0,0,0
0.428001,0,0,0
0.430001,0,0,0
0.432001,0,0,0
0.434001,0,0,0
0.436001,0,0,0
0.438001,0,0,0
0.440001,0,0,0
0.442001,0,0,0
0.444001,0,0,0
0.446001,0,0,0
0.448001,0,0,0
0.450001,0,0,0
0.452001,0,0,0
0.454001,0,0,0
0.456001,0,0,0
0.458001,0,0,0
0.460001,0,0,0
0.462001,0,0,0
0.464001,0,0,0
0.466001,0,0,0
0.468001,0,0,0
0.470001,0,0,0
0.472001,0,0,0
0.474001,0,0,0
0.476001,0,0,0
0.478001,0,0,0
0.480001,0,0,0
0.482001,0,0,0
0.484001,0,0,0
0.486001,0,0,0
0.488001,0,0,0
0.490001,0,0,0
0.492001,0,0,0
0.494001,0,0,0
0.496001,0,0,0
0.498001,0,0,0
0.500001,1,0,0.0501
0.502001,1,0.0003507,0.0501824
0.504001,1,0.000697301,0.050265
0.506001,1,0.00103986,0.0503478
0.508001,1,0.00137843,0.0504307
0.510001,1,0.00171306,0.0505138
0.512001,1,0.00204382,0.0505971
0.514,1,0.00237075,0.0506805
0.516,1,0.0026939,0.0507641
0.518,1,0.00301333,0.0508478
0.52,1,0.00332909,0.0509317
0.522,1,0.00364122,0.0510157
0.524,1,0.00394978,0.0510999
0.526,1,0.00425482,0.0511842
0.528,1,0.00455638,0.0512687
0.53,1,0.00485451,0.0513533
0.532,1,0.00514925,0.051438
0.534,1,0.00544066,0.0515229
0.536,1,0.00572878,0.0516079
0.538,1,0.00601365,0.0516931
0.54,1,0.00629532,0.0517784
0.542,1,0.00657383,0.0518638
0.544,1,0.00684923,0.0519493
0.546,1,0.00712155,0.052035
0.548,1,0.00739084,0.0521208
0.55,1,0.00765714,0.0522067
0.552,1,0.0079205,0.0522928
0.554,1,0.00818094,0.0523789
0.556,1,0.00843851,0.0524652
0.558,1,0.00869325,0.0525516
0.56,1,0.00894521,0.0526381
0.562,1,0.0091944,0.0527247
0.564,1,0.00944088,0.0528115
0.566,1,0.00968469,0.0528983
0.568,1,0.00992585,0.0529853
0.57,1,0.0101644,0.0530723
0.572,1,0.0104004,0.0531595
0.574,1,0.0106338,0.0532467
0.576,1,0.0108648,0.0533341
0.578,1,0.0110932,0.0534216
0.58,1,0.0113193,0.0535091
0.582,1,0.0115429,0.0535968
0.584,1,0.0117642,0.0536846
0.586,1,0.0119831,0.0537724
0.588,1,0.0121998,0.0538604
0.589999,1,0.0124141,0.0539484
0.591999,1,0.0126262,0.0540365
0.593999,1,0.0128361,0.0541248
0.595999,1,0.0130439,0.0542131
0.597999,1,0.0132494,0.0543015
0.599999,1,0.0134529,0.0543899
0.601999,1,0.0136543,0.0544785
0.603999,1,0.0138535,0.0545672
0.605999,1,0.0140508,0.0546559
0.607999,1,0.014246,0.0547447
0.609999,1,0.0144393,0.0548336
0.611999,1,0.0146306,0.0549226
0.613999,1,0.01482,0.0550116
0.615999,1,0.0150075,0.0551007
0.617999,1,0.0151931,0.0551899
0.619999,1,0.0153768,0.0552792
0.621999,1,0.0155588,0.0553686
0.623999,1,0.0157389,0.055458
0.625999,1,0.0159173,0.0555475
0.627999,1,0.0160939,0.055637
0.629999,1,0.0162687,0.0557267
0.631999,1,0.0164419,0.0558164
0.633999,1,0.0166134,0.0559061
0.635999,1,0.0167832,0.055996
0.637999,1,0.0169514,0.0560859
0.639999,1,0.017118,0.0561758
0.641999,1,0.017283,0.0562658
0.643999,1,0.0174464,0.0563559
0.645999,1,0.0176083,0.0564461
0.647999,1,0.0177686,0.0565363
0.649999,1,0.0179275,0.0566265
0.651999,1,0.0180848,0.0567169
0.653999,1,0.0182407,0.0568072
0.655999,1,0.0183952,0.0568977
0.657999,1,0.0185482,0.0569882
0.659999,1,0.0186998,0.0570787
0.661999,1,0.01885,0.0571693
0.663999,1,0.0189989,0.05726
0.665999,1,0.0191464,0.0573507
0.667998,1,0.0192925,0.0574415
0.669998,1,0.0194374,0.0575323
0.671998,1,0.0195809,0.0576231
0.673998,1,0.0197232,0.057714
0.675998,1,0.0198642,0.057805
0.677998,1,0.020004,0.057896
0.679998,1,0.0201426,0.0579871
0.681998,1,0.0202799,0.0580782
0.683998,1,0.0204161,0.0581693
0.685998,1,0.020551,0.0582605
0.687998,1,0.0206848,0.0583518
0.689998,1,0.0208175,0.0584431
0.691998,1,0.020949,0.0585344
0.693998,1,0.0210795,0.0586258
0.695998,1,0.0212088,0.0587172
0.697998,1,0.021337,0.0588086
0.699998,1,0.0214642,0.0589001
0.701998,1,0.0215903,0.0589917
0.703998,1,0.0217154,0.0590832
0.705998,1,0.0218394,0.0591748
0.707998,1,0.0219625,0.0592665
0.709998,1,0.0220845,0.0593582
0.711998,1,0.0222055,0.0594499
0.713998,1,0.0223256,0.0595417
0.715998,1,0.0224447,0.0596335
0.717998,1,0.0225629,0.0597253
0.719998,1,0.0226801,0.0598172
0.721998,1,0.0227965,0.0599091
0.723998,1,0.0229119,0.060001
0.725998,1,0.0230264,0.060093
0.727998,1,0.02314,0.060185
0.729998,1,0.0232528,0.060277
0.731998,1,0.0233647,0.0603691
0.733998,1,0.0234757,0.0604612
0.735998,1,0.0235859,0.0605533
0.737998,1,0.0236953,0.0606455
0.739998,1,0.0238039,0.0607377
0.741998,1,0.0239117,0.0608299
0.743998,1,0.0240187,0.0609222
0.745997,1,0.0241249,0.0610144
0.747997,1,0.0242303,0.0611067
0.749997,1,0.024335,0.0611991
0.751997,1,0.0244389,0.0612914
0.753997,1,0.0245421,0.0613838
0.755997,1,0.0246446,0.0614762
0.757997,1,0.0247463,0.0615687
0.759997,1,0.0248473,0.0616611
0.761997,1,0.0249477,0.0617536
0.763997,1,0.0250473,0.0618461
0.765997,1,0.0251463,0.0619387
0.767997,1,0.0252446,0.0620312
0.769997,1,0.0253422,0.0621238
0.771997,1,0.0254392,0.0622164
0.773997,1,0.0255355,0.0623091
0.775997,1,0.0256312,0.0624017
0.777997,1,0.0257262,0.0624944
0.779997,1,0.0258207,0.0625871
0.781997,1,0.0259145,0.0626798
0.783997,1,0.0260077,0.0627725
0.785997,1,0.0261004,0.0628653
0.787997,1,0.0261924,0.0629581
0.789997,1,0.0262839,0.0630509
0.791997,1,0.0263748,0.0631437
0.793997,1,0.0264652,0.0632365
0.795997,1,0.0265549,0.0633294
0.797997,1,0.0266442,0.0634223
0.799997,1,0.0267329,0.0635151
0.801997,1,0.0268211,0.0636081
0.803997,1,0.0269087,0.063701
0.805997,1,0.0269958,0.0637939
0.807997,1,0.0270824,0.0638869
0.809997,1,0.0271685,0.0639799
0.811997,1,0.0272542,0.0640729
0.813997,1,0.0273393,0.0641659
0.815997,1,0.0274239,0.0642589
0.817997,1,0.0275081,0.0643519
0.819997,1,0.0275918,0.064445
0.821997,1,0.027675,0.0645381
0.823996,1,0.0277578,0.0646311
0.825996,1,0.0278401,0.0647243
0.827996,1,0.0279219,0.0648174
0.829996,1,0.0280034,0.0649105
0.831996,1,0.0280844,0.0650036
0.833996,1,0.0281649,0.0650968
0.835996,1,0.0282451,0.06519
0.837996,1,0.0283248,0.0652831
0.839996,1,0.0284041,0.0653763
0.841996,1,0.028483,0.0654695
0.843996,1,0.0285615,0.0655628
0.845996,1,0.0286397,0.065656
0.847996,1,0.0287174,0.0657492
0.849996,1,0.0287947,0.0658425
0.851996,1,0.0288717,0.0659357
0.853996,1,0.0289483,0.066029
0.855996,1,0.0290245,0.0661223
0.857996,1,0.0291004,0.0662156
0.859996,1,0.0291759,0.0663089
0.861996,1,0.029251,0.0664022
0.863996,1,0.0293258,0.0664956
0.865996,1,0.0294003,0.0665889
0.867996,1,0.0294744,0.0666822
0.869996,1,0.0295482,0.0667756
0.871996,1,0.0296217,0.066869
0.873996,1,0.0296948,0.0669623
0.875996,1,0.0297676,0.0670557
0.877996,1,0.0298401,0.0671491
0.879996,1,0.0299123,0.0672425
0.881996,1,0.0299841,0.0673359
0.883996,1,0.0300557,0.0674293
0.885996,1,0.0301269,0.0675228
0.887996,1,0.0301979,0.0676162
0.889996,1,0.0302686,0.0677096
0.891996,1,0.030339,0.0678031
0.893996,1,0.0304091,0.0678965
0.895996,1,0.0304789,0.06799
0.897996,1,0.0305484,0.0680835
0.899996,1,0.0306177,0.0681769
0.901995,1,0.0306867,0.0682704
0.903995,1,0.0307555,0.0683639
0.905995,1,0.0308239,0.0684574
0.907995,1,0.0308921,0.0685509
0.909995,1,0.0309601,0.0686444
0.911995,1,0.0310278,0.0687379
0.913995,1,0.0310953,0.0688314
0.915995,1,0.0311625,0.068925
0.917995,1,0.0312295,0.0690185
0.919995,1,0.0312962,0.069112
0.921995,1,0.0313627,0.0692056
0.923995,1,0.031429,0.0692991
0.925995,1,0.031495,0.0693927
0.927995,1,0.0315608,0.0694862
0.929995,1,0.0316264,0.0695798
0.931995,1,0.0316918,0.0696733
0.933995,1,0.0317569,0.0697669
0.935995,1,0.0318219,0.0698605
0.937995,1,0.0318866,0.069954
0.939995,1,0.0319511,0.0700476
0.941995,1,0.0320155,0.0701412
0.943995,1,0.0320796,0.0702348
0.945995,1,0.0321435,0.0703284
0.947995,1,0.0322072,0.070422
0.949995,1,0.0322707,0.0705156
0.951995,1,0.0323341,0.0706092
0.953995,1,0.0323972,0.0707028
0.955995,1,0.0324602,0.0707964
0.957995,1,0.0325229,0.07089
0.959995,1,0.0325855,0.0709836
0.961995,1,0.0326479,0.0710772
0.963995,1,0.0327102,0.0711708
0.965995,1,0.0327722,0.0712644
0.967995,1,0.0328341,0.0713581
0.969995,1,0.0328958,0.0714517
0.971995,1,0.0329574,0.0715453
0.973995,1,0.0330188,0.0716389
0.975995,1,0.03308,0.0717326
0.977995,1,0.0331411,0.0718262
0.979994,1,0.033202,0.0719198
0.981994,1,0.0332627,0.0720135
0.983994,1,0.0333233,0.0721071
0.985994,1,0.0333837,0.0722008
0.987994,1,0.033444,0.0722944
0.989994,1,0.0335042,0.072388
0.991994,1,0.0335642,0.0724817
0.993994,1,0.033624,0.0725753
0.995994,1,0.0336837,0.072669
0.997994,1,0.0337433,0.0727626
0.999994,1,0.0338027,0.0728563
1.00199,1,0.033862,0.0729499
1.00399,1,0.0339212,0.0730436
1.00599,1,0.0339802,0.0731372
1.00799,1,0.0340391,0.0732309
1.00999,1,0.0340978,0.0733245
1.01199,1,0.0341565,0.0734182
1.01399,1,0.034215,0.0735118
1.01599,1,0.0342734,0.0736055
1.01799,1,0.0343316,0.0736991
1.01999,1,0.0343898,0.0737928
1.02199,1,0.0344478,0.0738864
1.02399,1,0.0345057,0.0739801
1.02599,1,0.0345635,0.0740738
1.02799,1,0.0346211,0.0741674
1.02999,1,0.0346787,0.0742611
1.03199,1,0.0347361,0.0743547
1.03399,1,0.0347935,0.0744484
1.03599,1,0.0348507,0.074542
1.03799,1,0.0349078,0.0746357
1.03999,1,0.0349648,0.0747293
1.04199,1,0.0350217,0.074823
1.04399,1,0.0350785,0.0749166
1.04599,1,0.0351353,0.0750103
1.04799,1,0.0351919,0.0751039
1.04999,1,0.0352484,0.0751976
1.05199,1,0.0353048,0.0752912
1.05399,1,0.0353611,0.0753849
1.05599,1,0.0354173,0.0754785
1.05799,1,0.0354734,0.0755722
1.05999,1,0.0355294,0.0756658
1.06199,1,0.0355854,0.0757595
1.06399,1,0.0356412,0.0758531
1.06599,1,0.035697,0.0759468
1.06799,1,0.0357526,0.0760404
1.06999,1,0.0358082,0.076134
1.07199,1,0.0358637,0.0762277
1.07399,1,0.0359191,0.0763213
1.07599,1,0.0359744,0.076415
1.07799,1,0.0360297,0.0765086
1.07999,1,0.0360849,0.0766022
1.08199,1,0.0361399,0.0766959
1.08399,1,0.0361949,0.0767895
1.08599,1,0.0362499,0.0768831
1.08799,1,0.0363047,0.0769767
1.08999,1,0.0363595,0.0770704
1.09199,1,0.0364142,0.077164
1.09399,1,0.0364688,0.0772576
1.09599,1,0.0365234,0.0773512
1.09799,1,0.0365779,0.0774449
1.09999,1,0.0366323,0.0775385
1.10199,1,0.0366866,0.0776321
1.10399,1,0.0367409,0.0777257
1.10599,1,0.0367951,0.0778193
1.10799,1,0.0368492,0.0779129
1.10999,1,0.0369033,0.0780065
1.11199,1,0.0369573,0.0781001
1.11399,1,0.0370112,0.0781937
1.11599,1,0.0370651,0.0782873
1.11799,1,0.0371189,0.0783809
1.11999,1,0.0371726,0.0784745
1.12199,1,0.0372263,0.0785681
1.12399,1,0.03728,0.0786617
1.12599,1,0.0373335,0.0787553
1.12799,1,0.037387,0.0788489
1.12999,1,0.0374405,0.0789425
1.13199,1,0.0374939,0.079036
1.13399,1,0.0375472,0.0791296
1.13599,1,0.0376005,0.0792232
1.13799,1,0.0376537,0.0793168
1.13999,1,0.0377069,0.0794103
1.14199,1,0.03776,0.0795039
1.14399,1,0.037813,0.0795975
1.14599,1,0.0378661,0.079691
1.14799,1,0.037919,0.0797846
1.14999,1,0.0379719,0.0798782
1.15199,1,0.0380248,0.0799717
1.15399,1,0.0380776,0.0800653
1.15599,1,0.0381303,0.0801588
1.15799,1,0.038183,0.0802523
1.15999,1,0.0382357,0.0803459
1.16199,1,0.0382883,0.0804394
1.16399,1,0.0383409,0.080533
1.16599,1,0.0383934,0.0806265
1.16799,1,0.0384459,0.08072
1.16999,1,0.0384983,0.0808136
1.17199,1,0.0385507,0.0809071
1.17399,1,0.038603,0.0810006
1.17599,1,0.0386553,0.0810941
1.17799,1,0.0387076,0.0811877
1.17999,1,0.0387598,0.0812812
1.18199,1,0.038812,0.0813747
1.18399,1,0.0388641,0.0814682
1.18599,1,0.0389162,0.0815617
1.18799,1,0.0389682,0.0816552
1.18999,1,0.0390202,0.0817487
1.19199,1,0.0390722,0.0818422
1.19399,1,0.0391241,0.0819357
1.19599,1,0.039176,0.0820292
1.19799,1,0.0392279,0.0821226
1.19999,1,0.0392797,0.0822161
1.20199,1,0.0393315,0.0823096
1.20399,1,0.0393832,0.0824031
1.20599,1,0.039435,0.0824965
1.20799,1,0.0394866,0.08259
1.20999,1,0.0395383,0.0826835
1.21199,1,0.0395899,0.0827769
1.21399,1,0.0396415,0.0828704
1.21599,1,0.039693,0.0829639
1.21799,1,0.0397445,0.0830573
1.21999,1,0.039796,0.0831507
1.22199,1,0.0398474,0.0832442
1.22399,1,0.0398988,0.0833376
1.22599,1,0.0399502,0.0834311
1.22799,1,0.0400016,0.0835245
1.22999,1,0.0400529,0.0836179
1.23199,1,0.0401042,0.0837114
1.23399,1,0.0401554,0.0838048
1.23599,1,0.0402066,0.0838982
1.23799,1,0.0402578,0.0839916
1.23999,1,0.040309,0.084085
1.24199,1,0.0403602,0.0841784
1.24399,1,0.0404113,0.0842718
1.24599,1,0.0404624,0.0843652
1.24799,1,0.0405134,0.0844586
1.24999,1,0.0405644,0.084552
1.25199,1,0.0406155,0.0846454
1.25399,1,0.0406664,0.0847388
1.25599,1,0.0407174,0.0848322
1.25799,1,0.0407683,0.0849255
1.25999,1,0.0408192,0.0850189
1.26199,1,0.0408701,0.0851123
1.26399,1,0.0409209,0.0852056
1.26599,1,0.0409718,0.085299
1.26799,1,0.0410226,0.0853924
1.26999,1,0.0410733,0.0854857
1.27199,1,0.0411241,0.0855791
1.27399,1,0.0411748,0.0856724
1.27599,1,0.0412255,0.0857658
1.27799,1,0.0412762,0.0858591
1.27999,1,0.0413269,0.0859524
1.28199,1,0.0413775,0.0860458
1.28399,1,0.0414282,0.0861391
1.28599,1,0.0414787,0.0862324
1.28799,1,0.0415293,0.0863257
1.28999,1,0.0415799,0.086419
1.29199,1,0.0416304,0.0865124
1.29399,1,0.0416809,0.0866057
1.29599,1,0.0417314,0.086699
1.29799,1,0.0417819,0.0867923
1.29999,1,0.0418324,0.0868856
1.30199,1,0.0418828,0.0869788
1.30399,1,0.0419332,0.0870721
1.30599,1,0.0419836,0.0871654
1.30799,1,0.042034,0.0872587
1.30999,1,0.0420843,0.087352
1.31199,1,0.0421347,0.0874452
1.31399,1,0.042185,0.0875385
1.31599,1,0.0422353,0.0876318
1.31799,1,0.0422856,0.087725
1.31999,1,0.0423358,0.0878183
1.32199,1,0.0423861,0.0879115
1.32399,1,0.0424363,0.0880048
1.32599,1,0.0424865,0.088098
1.32799,1,0.0425367,0.0881912
1.32999,1,0.0425869,0.0882845
1.33199,1,0.0426371,0.0883777
1.33399,1,0.0426872,0.0884709
1.33599,1,0.0427374,0.0885641
1.33799,1,0.0427875,0.0886574
1.33999,1,0.0428376,0.0887506
1.34199,1,0.0428877,0.0888438
1.34399,1,0.0429378,0.088937
1.34599,1,0.0429878,0.0890302
1.34799,1,0.0430379,0.0891234
1.34999,1,0.0430879,0.0892166
1.35199,1,0.0431379,0.0893098
1.35399,1,0.0431879,0.0894029
1.35599,1,0.0432379,0.0894961
1.35799,1,0.0432878,0.0895893
1.35999,1,0.0433378,0.0896824
1.36199,1,0.0433877,0.0897756
1.36399,1,0.0434377,0.0898688
1.36599,1,0.0434876,0.0899619
1.36799,1,0.0435375,0.0900551
1.36999,1,0.0435874,0.0901482
1.37199,1,0.0436372,0.0902414
1.37399,1,0.0436871,0.0903345
1.37599,1,0.0437369,0.0904276
1.37799,1,0.0437868,0.0905208
1.37999,1,0.0438366,0.0906139
1.38199,1,0.0438864,0.090707
1.38399,1,0.0439362,0.0908001
1.38599,1,0.043986,0.0908933
1.38799,1,0.0440358,0.0909864
1.38999,1,0.0440855,0.0910795
1.39199,1,0.0441353,0.0911726
1.39399,1,0.044185,0.0912657
1.39599,1,0.0442347,0.0913588
1.39799,1,0.0442844,0.0914518
1.39999,1,0.0443341,0.0915449
1.40199,1,0.0443838,0.091638
1.40399,1,0.0444335,0.0917311
1.40599,1,0.0444832,0.0918241
1.40799,1,0.0445328,0.0919172
1.40999,1,0.0445825,0.0920103
1.41199,1,0.0446321,0.0921033
1.41399,1,0.0446818,0.0921964
1.41599,1,0.0447314,0.0922894
1.41799,1,0.044781,0.0923824
1.41999,1,0.0448306,0.0924755
1.42199,1,0.0448802,0.0925685
1.42399,1,0.0449298,0.0926615
1.42599,1,0.0449793,0.0927546
1.42799,1,0.0450289,0.0928476
1.42999,1,0.0450784,0.0929406
1.43199,1,0.045128,0.0930336
1.43399,1,0.0451775,0.0931266
1.43599,1,0.045227,0.0932196
1.43799,1,0.0452765,0.0933126
1.43999,1,0.045326,0.0934056
1.44199,1,0.0453755,0.0934986
1.44399,1,0.045425,0.0935916
1.44599,1,0.0454745,0.0936846
1.44799,1,0.0455239,0.0937775
1.44999,1,0.0455734,0.0938705
1.45199,1,0.0456228,0.0939635
1.45399,1,0.0456723,0.0940564
1.45599,1,0.0457217,0.0941494
1.45799,1,0.0457711,0.0942423
1.45999,1,0.0458206,0.0943353
1.46199,1,0.04587,0.0944282
1.46399,1,0.0459194,0.0945212
1.46599,1,0.0459687,0.0946141
1.46799,1,0.0460181,0.094707
1.46999,1,0.0460675,0.0948
1.47199,1,0.0461169,0.0948929
1.47399,1,0.0461662,0.0949858
1.47599,1,0.0462156,0.0950787
1.47799,1,0.0462649,0.0951716
1.47999,1,0.0463143,0.0952645
1.48199,1,0.0463636,0.0953574
1.48399,1,0.0464129,0.0954503
1.48599,1,0.0464622,0.0955432
1.48799,1,0.0465115,0.0956361
1.48999,1,0.0465608,0.0957289
1.49199,1,0.0466101,0.0958218
1.49399,1,0.0466594,0.0959147
1.49599,1,0.0467087,0.0960076
1.49799,1,0.046758,0.0961004
1.49999,1,0.0468072,0.0961933
1.50199,1,0.0468565,0.0962861
1.50399,1,0.0469057,0.096379
1.50599,1,0.046955,0.0964718
1.50799,1,0.0470042,0.0965647
1.50999,1,0.0470534,0.0966575
1.51199,1,0.0471027,0.0967503
1.51399,1,0.0471519,0.0968431
1.51599,1,0.0472011,0.096936
1.51799,1,0.0472503,0.0970288
1.51999,1,0.0472995,0.0971216
1.52199,1,0.0473487,0.0972144
1.52399,1,0.0473979,0.0973072
1.52599,1,0.047447,0.0974
1.52799,1,0.0474962,0.0974928
1.52999,1,0.0475454,0.0975856
1.53199,1,0.0475945,0.0976783
1.53399,1,0.0476437,0.0977711
1.53599,1,0.0476928,0.0978639
1.53799,1,0.047742,0.0979567
1.53999,1,0.0477911,0.0980494
1.54199,1,0.0478403,0.0981422
1.54399,1,0.0478894,0.098235
1.54599,1,0.0479385,0.0983277
1.54799,1,0.0479876,0.0984204
1.54999,1,0.0480367,0.0985132
1.55199,1,0.0480858,0.0986059
1.55399,1,0.0481349,0.0986986
1.55599,1,0.048184,0.0987914
1.55799,1,0.0482331,0.0988841
1.55999,1,0.0482822,0.0989768
1.56199,1,0.0483312,0.0990695
1.56399,1,0.0483803,0.0991622
1.56599,1,0.0484294,0.0992549
1.56799,1,0.0484784,0.0993476
1.56999,1,0.0485275,0.0994403
1.57199,1,0.0485765,0.099533
1.57399,1,0.0486256,0.0996257
1.57599,1,0.0486746,0.0997184
1.57799,1,0.0487237,0.0998111
1.57999,1,0.0487727,0.0999037
1.58199,1,0.0488217,0.0999964
1.58399,1,0.0488707,0.100089
1.58599,1,0.0489197,0.100182
1.58799,1,0.0489688,0.100274
1.58999,1,0.0490178,0.100367
1.59199,1,0.0490668,0.10046
1.59399,1,0.0491158,0.100552
1.59599,1,0.0491647,0.100645
1.59799,1,0.0492137,0.100738
1.59999,1,0.0492627,0.10083
1.60199,1,0.0493117,0.100923
1.60399,1,0.0493607,0.101015
1.60599,1,0.0494096,0.101108
1.60799,1,0.0494586,0.101201
1.60999,1,0.0495075,0.101293
1.61199,1,0.0495565,0.101386
1.61399,1,0.0496054,0.101478
1.61599,1,0.0496544,0.101571
1.61799,1,0.0497033,0.101664
1.61999,1,0.0497523,0.101756
1.62199,1,0.0498012,0.101849
1.62399,1,0.0498501,0.101941
1.62599,1,0.049899,0.102034
1.62799,1,0.0499479,0.102126
1.62999,1,0.0499969,0.102219
1.63199,1,0.0500458,0.102312
1.63399,1,0.0500947,0.102404
1.63599,1,0.0501436,0.102497
1.63799,1,0.0501925,0.102589
1.63999,1,0.0502414,0.102682
1.64199,1,0.0502902,0.102774
1.64399,1,0.0503391,0.102867
1.64599,1,0.050388,0.102959
1.64799,1,0.0504369,0.103052
1.64999,1,0.0504858,0.103144
1.65199,1,0.0505346,0.103237
1.65399,1,0.0505835,0.103329
1.65599,1,0.0506323,0.103422
1.65799,1,0.0506812,0.103514
1.65999,1,0.05073,0.103607
1.66199,1,0.0507789,0.103699
1.66399,1,0.0508277,0.103792
1.66599,1,0.0508766,0.103884
1.66799,1,0.0509254,0.103977
1.66999,1,0.0509742,0.104069
1.67199,1,0.0510231,0.104162
1.67399,1,0.0510719,0.104254
1.67599,1,0.0511207,0.104346
1.67799,1,0.0511695,0.104439
1.67999,1,0.0512183,0.104531
1.68199,1,0.0512671,0.104624
1.68399,1,0.051316,0.104716
1.68599,1,0.0513648,0.104809
1.68799,1,0.0514136,0.104901
1.68999,1,0.0514623,0.104993
1.69199,1,0.0515111,0.105086
1.69399,1,0.0515599,0.105178
1.69599,1,0.0516087,0.105271
1.69799,1,0.0516575,0.105363
1.69999,1,0.0517063,0.105455
1.70199,1,0.051755,0.105548
1.70399,1,0.0518038,0.10564
1.70599,1,0.0518526,0.105733
1.70799,1,0.0519013,0.105825
1.70999,1,0.0519501,0.105917
1.71199,1,0.0519988,0.10601
1.71399,1,0.0520476,0.106102
1.71599,1,0.0520963,0.106194
1.71799,1,0.0521451,0.106287
1.71999,1,0.0521938,0.106379
1.72198,1,0.0522425,0.106471
1.72398,1,0.0522913,0.106564
1.72598,1,0.05234,0.106656
1.72798,1,0.0523887,0.106748
1.72998,1,0.0524375,0.106841
1.73198,1,0.0524862,0.106933
1.73398,1,0.0525349,0.107025
1.73598,1,0.0525836,0.107118
1.73798,1,0.0526323,0.10721
1.73998,1,0.052681,0.107302
1.74198,1,0.0527297,0.107395
1.74398,1,0.0527784,0.107487
1.74598,1,0.0528271,0.107579
1.74798,1,0.0528758,0.107671
1.74998,1,0.0529245,0.107764
1.75198,1,0.0529732,0.107856
1.75398,1,0.0530219,0.107948
1.75598,1,0.0530705,0.10804
1.75798,1,0.0531192,0.108133
1.75998,1,0.0531679,0.108225
1.76198,1,0.0532166,0.108317
1.76398,1,0.0532652,0.108409
1.76598,1,0.0533139,0.108502
1.76798,1,0.0533626,0.108594
1.76998,1,0.0534112,0.108686
1.77198,1,0.0534599,0.108778
1.77398,1,0.0535085,0.108871
1.77598,1,0.0535572,0.108963
1.77798,1,0.0536058,0.109055
1.77998,1,0.0536545,0.109147
1.78198,1,0.0537031,0.109239
1.78398,1,0.0537517,0.109332
1.78598,1,0.0538004,0.109424
1.78798,1,0.053849,0.109516
1.78998,1,0.0538976,0.109608
1.79198,1,0.0539462,0.1097
1.79398,1,0.0539948,0.109793
1.79598,1,0.0540435,0.109885
1.79798,1,0.0540921,0.109977
1.79998,1,0.0541407,0.110069
1.80198,1,0.0541893,0.110161
1.80398,1,0.0542379,0.110253
1.80598,1,0.0542865,0.110345
1.80798,1,0.0543351,0.110438
1.80998,1,0.0543837,0.11053
1.81198,1,0.0544323,0.110622
1.81398,1,0.0544809,0.110714
1.81598,1,0.0545295,0.110806
1.81798,1,0.054578,0.110898
1.81998,1,0.0546266,0.11099
1.82198,1,0.0546752,0.111082
1.82398,1,0.0547238,0.111174
1.82598,1,0.0547723,0.111267
1.82798,1,0.0548209,0.111359
1.82998,1,0.0548695,0.111451
1.83198,1,0.054918,0.111543
1.83398,1,0.0549666,0.111635
1.83598,1,0.0550152,0.111727
1.83798,1,0.0550637,0.111819
1.83998,1,0.0551123,0.111911
1.84198,1,0.0551608,0.112003
1.84398,1,0.0552094,0.112095
1.84598,1,0.0552579,0.112187
1.84798,1,0.0553064,0.112279
1.84998,1,0.055355,0.112371
1.85198,1,0.0554035,0.112463
1.85398,1,0.055452,0.112555
1.85598,1,0.0555006,0.112647
1.85798,1,0.0555491,0.112739
1.85998,1,0.0555976,0.112831
1.86198,1,0.0556461,0.112923
1.86398,1,0.0556946,0.113015
1.86598,1,0.0557432,0.113107
1.86798,1,0.0557917,0.113199
1.86998,1,0.0558402,0.113291
1.87198,1,0.0558887,0.113383
1.87398,1,0.0559372,0.113475
1.87598,1,0.0559857,0.113567
1.87798,1,0.0560342,0.113659
1.87998,1,0.0560827,0.113751
1.88198,1,0.0561312,0.113843
1.88398,1,0.0561796,0.113935
1.88598,1,0.0562281,0.114027
1.88798,1,0.0562766,0.114119
1.88998,1,0.0563251,0.114211
1.89198,1,0.0563736,0.114303
1.89398,1,0.056422,0.114395
1.89598,1,0.0564705,0.114487
1.89798,1,0.056519,0.114579
1.89998,1,0.0565674,0.114671
1.90198,1,0.0566159,0.114763
1.90398,1,0.0566644,0.114855
1.90598,1,0.0567128,0.114946
1.90798,1,0.0567613,0.115038
1.90998,1,0.0568097,0.11513
1.91198,1,0.0568582,0.115222
1.91398,1,0.0569066,0.115314
1.91598,1,0.0569551,0.115406
1.91798,1,0.0570035,0.115498
1.91998,1,0.0570519,0.11559
1.92198,1,0.0571004,0.115682
1.92398,1,0.0571488,0.115773
1.92598,1,0.0571972,0.115865
1.92798,1,0.0572457,0.115957
1.92998,1,0.0572941,0.116049
1.93198,1,0.0573425,0.116141
1.93398,1,0.0573909,0.116233
1.93598,1,0.0574394,0.116325
1.93798,1,0.0574878,0.116416
1.93998,1,0.0575362,0.116508
1.94198,1,0.0575846,0.1166
1.94398,1,0.057633,0.116692
1.94598,1,0.0576814,0.116784
1.94798,1,0.0577298,0.116875
1.94998,1,0.0577782,0.116967
1.95198,1,0.0578266,0.117059
1.95398,1,0.057875,0.117151
1.95598,1,0.0579234,0.117243
1.95798,1,0.0579718,0.117334
1.95998,1,0.0580201,0.117426
1.96198,1,0.0580685,0.117518
1.96398,1,0.0581169,0.11761
1.96598,1,0.0581653,0.117701
1.96798,1,0.0582137,0.117793
1.96998,1,0.058262,0.117885
1.97198,1,0.0583104,0.117977
1.97398,1,0.0583588,0.118069
1.97598,1,0.0584071,0.11816
1.97798,1,0.0584555,0.118252
1.97998,1,0.0585038,0.118344
1.98198,1,0.0585522,0.118435
1.98398,1,0.0586005,0.118527
1.98598,1,0.0586489,0.118619
1.98798,1,0.0586972,0.118711
1.98998,1,0.0587456,0.118802
1.99198,1,0.0587939,0.118894
1.99398,1,0.0588423,0.118986
1.99598,1,0.0588906,0.119077
1.99798,1,0.0589389,0.119169
1.99998,1,0.0589873,0.119261
2.00198,1,0.0590356,0.119352
2.00398,1,0.0590839,0.119444
2.00598,1,0.0591322,0.119536
2.00798,1,0.0591806,0.119627
2.00998,1,0.0592289,0.119719
2.01198,1,0.0592772,0.119811
2.01398,1,0.0593255,0.119902
2.01598,1,0.0593738,0.119994
2.01798,1,0.0594221,0.120086
2.01998,1,0.0594704,0.120177
2.02198,1,0.0595187,0.120269
2.02398,1,0.059567,0.120361
2.02598,1,0.0596153,0.120452
2.02798,1,0.0596636,0.120544
2.02998,1,0.0597119,0.120635
2.03198,1,0.0597602,0.120727
2.03398,1,0.0598085,0.120819
2.03598,1,0.0598568,0.12091
2.03798,1,0.0599051,0.121002
2.03998,1,0.0599533,0.121093
2.04198,1,0.0600016,0.121185
2.04398,1,0.0600499,0.121277
2.04598,1,0.0600982,0.121368
2.04798,1,0.0601464,0.12146
2.04998,1,0.0601947,0.121551
2.05198,1,0.060243,0.121643
2.05398,1,0.0602912,0.121734
2.05598,1,0.0603395,0.121826
2.05798,1,0.0603877,0.121918
2.05998,1,0.060436,0.122009
2.06198,1,0.0604842,0.122101
2.06398,1,0.0605325,0.122192
2.06598,1,0.0605807,0.122284
2.06798,1,0.060629,0.122375
2.06998,1,0.0606772,0.122467
2.07198,1,0.0607255,0.122558
2.07398,1,0.0607737,0.12265
2.07598,1,0.0608219,0.122741
2.07799,1,0.0608701,0.122833
2.07999,1,0.0609184,0.122924
2.08199,1,0.0609666,0.123016
2.08399,1,0.0610148,0.123107
2.08599,1,0.061063,0.123199
2.08799,1,0.0611113,0.12329
2.08999,1,0.0611595,0.123382
2.09199,1,0.0612077,0.123473
2.09399,1,0.0612559,0.123565
2.09599,1,0.0613041,0.123656
2.09799,1,0.0613523,0.123748
2.09999,1,0.0614005,0.123839
2.10199,1,0.0614487,0.12393
2.10399,1,0.0614969,0.124022
2.10599,1,0.0615451,0.124113
2.10799,1,0.0615933,0.124205
2.10999,1,0.0616415,0.124296
2.11199,1,0.0616897,0.124388
2.11399,1,0.0617379,0.124479
2.11599,1,0.061786,0.12457
2.11799,1,0.0618342,0.124662
2.11999,1,0.0618824,0.124753
2.12199,1,0.0619306,0.124845
2.12399,1,0.0619787,0.124936
2.12599,1,0.0620269,0.125027
2.12799,1,0.0620751,0.125119
2.12999,1,0.0621232,0.12521
2.13199,1,0.0621714,0.125302
2.13399,1,0.0622196,0.125393
2.13599,1,0.0622677,0.125484
2.13799,1,0.0623159,0.125576
2.13999,1,0.062364,0.125667
2.14199,1,0.0624122,0.125758
2.14399,1,0.0624603,0.12585
2.14599,1,0.0625085,0.125941
2.14799,1,0.0625566,0.126032
2.14999,1,0.0626047,0.126124
2.15199,1,0.0626529,0.126215
2.15399,1,0.062701,0.126306
2.15599,1,0.0627491,0.126398
2.15799,1,0.0627973,0.126489
2.15999,1,0.0628454,0.12658
2.16199,1,0.0628935,0.126672
2.16399,1,0.0629416,0.126763
2.16599,1,0.0629898,0.126854
2.16799,1,0.0630379,0.126946
2.16999,1,0.063086,0.127037
2.17199,1,0.0631341,0.127128
2.17399,1,0.0631822,0.127219
2.17599,1,0.0632303,0.127311
2.17799,1,0.0632784,0.127402
2.17999,1,0.0633265,0.127493
2.18199,1,0.0633746,0.127584
2.18399,1,0.0634227,0.127676
2.18599,1,0.0634708,0.127767
2.18799,1,0.0635189,0.127858
2.18999,1,0.063567,0.127949
2.19199,1,0.0636151,0.128041
2.19399,1,0.0636632,0.128132
2.19599,1,0.0637112,0.128223
2.19799,1,0.0637593,0.128314
2.19999,1,0.0638074,0.128406
2.20199,1,0.0638555,0.128497
2.20399,1,0.0639035,0.128588
2.20599,1,0.0639516,0.128679
2.20799,1,0.0639997,0.12877
2.20999,1,0.0640477,0.128862
2.21199,1,0.0640958,0.128953
2.21399,1,0.0641439,0.129044
2.21599,1,0.0641919,0.129135
2.21799,1,0.06424,0.129226
2.21999,1,0.064288,0.129317
2.22199,1,0.0643361,0.129409
2.22399,1,0.0643841,0.1295
2.22599,1,0.0644322,0.129591
2.22799,1,0.0644802,0.129682
2.22999,1,0.0645282,0.129773
2.23199,1,0.0645763,0.129864
2.23399,1,0.0646243,0.129955
2.23599,1,0.0646723,0.130047
2.23799,1,0.0647204,0.130138
2.23999,1,0.0647684,0.130229
2.24199,1,0.0648164,0.13032
2.24399,1,0.0648644,0.130411
2.24599,1,0.0649125,0.130502
2.24799,1,0.0649605,0.130593
2.24999,1,0.0650085,0.130684
2.25199,1,0.0650565,0.130775
2.25399,1,0.0651045,0.130867
2.25599,1,0.0651525,0.130958
2.25799,1,0.0652005,0.131049
2.25999,1,0.0652485,0.13114
2.26199,1,0.0652965,0.131231
2.26399,1,0.0653445,0.131322
2.26599,1,0.0653925,0.131413
2.26799,1,0.0654405,0.131504
2.26999,1,0.0654885,0.131595
2.27199,1,0.0655365,0.131686
2.27399,1,0.0655845,0.131777
2.27599,1,0.0656324,0.131868
2.27799,1,0.0656804,0.131959
2.27999,1,0.0657284,0.13205
2.28199,1,0.0657764,0.132141
2.28399,1,0.0658243,0.132232
2.28599,1,0.0658723,0.132323
2.28799,1,0.0659203,0.132414
2.28999,1,0.0659682,0.132505
2.292,1,0.0660162,0.132596
2.294,1,0.0660642,0.132687
2.296,1,0.0661121,0.132778
2.298,1,0.0661601,0.132869
2.3,1,0.066208,0.13296
2.302,1,0.066256,0.133051
2.304,1,0.0663039,0.133142
2.306,1,0.0663519,0.133233
2.308,1,0.0663998,0.133324
2.31,1,0.0664477,0.133415
2.312,1,0.0664957,0.133506
2.314,1,0.0665436,0.133597
2.316,1,0.0665916,0.133688
2.318,1,0.0666395,0.133779
2.32,1,0.0666874,0.13387
2.322,1,0.0667353,0.133961
2.324,1,0.0667833,0.134052
2.326,1,0.0668312,0.134143
2.328,1,0.0668791,0.134234
2.33,1,0.066927,0.134324
2.332,1,0.0669749,0.134415
2.334,1,0.0670228,0.134506
2.336,1,0.0670707,0.134597
2.338,1,0.0671186,0.134688
2.34,1,0.0671665,0.134779
2.342,1,0.0672144,0.13487
2.344,1,0.0672623,0.134961
2.346,1,0.0673102,0.135052
2.348,1,0.0673581,0.135142
2.35,1,0.067406,0.135233
2.352,1,0.0674539,0.135324
2.354,1,0.0675018,0.135415
2.356,1,0.0675497,0.135506
2.358,1,0.0675976,0.135597
2.36,1,0.0676454,0.135688
2.362,1,0.0676933,0.135778
2.364,1,0.0677412,0.135869
2.366,1,0.067789,0.13596
2.368,1,0.0678369,0.136051
2.37,1,0.0678848,0.136142
2.372,1,0.0679326,0.136233
2.374,1,0.0679805,0.136323
2.376,1,0.0680284,0.136414
2.378,1,0.0680762,0.136505
2.38,1,0.0681241,0.136596
2.382,1,0.0681719,0.136687
2.384,1,0.0682198,0.136777
2.386,1,0.0682676,0.136868
2.388,1,0.0683155,0.136959
2.39,1,0.0683633,0.13705
2.392,1,0.0684111,0.13714
2.394,1,0.068459,0.137231
2.396,1,0.0685068,0.137322
2.398,1,0.0685546,0.137413
2.4,1,0.0686025,0.137503
2.402,1,0.0686503,0.137594
2.404,1,0.0686981,0.137685
2.406,1,0.0687459,0.137776
2.408,1,0.0687937,0.137866
2.41,1,0.0688416,0.137957
2.412,1,0.0688894,0.138048
2.414,1,0.0689372,0.138139
2.416,1,0.068985,0.138229
2.418,1,0.0690328,0.13832
2.42,1,0.0690806,0.138411
2.422,1,0.0691284,0.138501
2.424,1,0.0691762,0.138592
2.426,1,0.069224,0.138683
2.428,1,0.0692718,0.138773
2.43,1,0.0693196,0.138864
2.432,1,0.0693674,0.138955
2.434,1,0.0694152,0.139045
2.436,1,0.0694629,0.139136
2.438,1,0.0695107,0.139227
2.44,1,0.0695585,0.139317
2.442,1,0.0696063,0.139408
2.444,1,0.069654,0.139499
2.446,1,0.0697018,0.139589
2.448,1,0.0697496,0.13968
2.45,1,0.0697973,0.139771
2.452,1,0.0698451,0.139861
2.454,1,0.0698929,0.139952
2.456,1,0.0699406,0.140043
2.458,1,0.0699884,0.140133
2.46,1,0.0700361,0.140224
2.462,1,0.0700839,0.140314
2.464,1,0.0701316,0.140405
2.466,1,0.0701794,0.140496
2.468,1,0.0702271,0.140586
2.47,1,0.0702749,0.140677
2.472,1,0.0703226,0.140767
2.474,1,0.0703703,0.140858
2.476,1,0.0704181,0.140948
2.478,1,0.0704658,0.141039
2.48,1,0.0705135,0.14113
2.482,1,0.0705613,0.14122
2.484,1,0.070609,0.141311
2.486,1,0.0706567,0.141401
2.488,1,0.0707044,0.141492
2.49,1,0.0707521,0.141582
2.492,1,0.0707998,0.141673
2.494,1,0.0708476,0.141763
2.496,1,0.0708953,0.141854
2.498,1,0.070943,0.141944
2.5,1,0.0709907,0.142035
2.502,1,0.0710384,0.142125
2.504,1,0.0710861,0.142216
2.50601,1,0.0711338,0.142306
2.50801,1,0.0711815,0.142397
2.51001,1,0.0712292,0.142487
2.51201,1,0.0712769,0.142578
2.51401,1,0.0713245,0.142668
2.51601,1,0.0713722,0.142759
2.51801,1,0.0714199,0.142849
2.52001,1,0.0714676,0.14294
2.52201,1,0.0715153,0.14303
2.52401,1,0.0715629,0.143121
2.52601,1,0.0716106,0.143211
2.52801,1,0.0716583,0.143302
2.53001,1,0.071706,0.143392
2.53201,1,0.0717536,0.143483
2.53401,1,0.0718013,0.143573
2.53601,1,0.071849,0.143663
2.53801,1,0.0718966,0.143754
2.54001,1,0.0719443,0.143844
2.54201,1,0.0719919,0.143935
2.54401,1,0.0720396,0.144025
2.54601,1,0.0720872,0.144116
2.54801,1,0.0721349,0.144206
2.55001,1,0.0721825,0.144296
2.55201,1,0.0722302,0.144387
2.55401,1,0.0722778,0.144477
2.55601,1,0.0723254,0.144567
2.55801,1,0.0723731,0.144658
2.56001,1,0.0724207,0.144748
2.56201,1,0.0724683,0.144839
2.56401,1,0.0725159,0.144929
2.56601,1,0.0725636,0.145019
2.56801,1,0.0726112,0.14511
2.57001,1,0.0726588,0.1452
2.57201,1,0.0727064,0.14529
2.57401,1,0.072754,0.145381
2.57601,1,0.0728017,0.145471
2.57801,1,0.0728493,0.145561
2.58001,1,0.0728969,0.145652
2.58201,1,0.0729445,0.145742
2.58401,1,0.0729921,0.145832
2.58601,1,0.0730397,0.145923
2.58801,1,0.0730873,0.146013
2.59001,1,0.0731349,0.146103
2.59201,1,0.0731825,0.146194
2.59401,1,0.0732301,0.146284
2.59601,1,0.0732776,0.146374
2.59801,1,0.0733252,0.146465
2.60001,1,0.0733728,0.146555
2.60201,1,0.0734204,0.146645
2.60401,1,0.073468,0.146735
2.60601,1,0.0735155,0.146826
2.60801,1,0.0735631,0.146916
2.61001,1,0.0736107,0.147006
2.61201,1,0.0736582,0.147096
2.61401,1,0.0737058,0.147187
2.61601,1,0.0737534,0.147277
2.61801,1,0.0738009,0.147367
2.62001,1,0.0738485,0.147457
2.62201,1,0.073896,0.147548
2.62401,1,0.0739436,0.147638
2.62601,1,0.0739911,0.147728
2.62801,1,0.0740387,0.147818
2.63001,1,0.0740862,0.147909
2.63201,1,0.0741338,0.147999
2.63401,1,0.0741813,0.148089
2.63601,1,0.0742289,0.148179
2.63801,1,0.0742764,0.148269
2.64001,1,0.0743239,0.14836
2.64201,1,0.0743715,0.14845
2.64401,1,0.074419,0.14854
2.64601,1,0.0744665,0.14863
2.64801,1,0.074514,0.14872
2.65001,1,0.0745616,0.14881
2.65201,1,0.0746091,0.148901
2.65401,1,0.0746566,0.148991
2.65601,1,0.0747041,0.149081
2.65801,1,0.0747516,0.149171
2.66001,1,0.0747991,0.149261
2.66201,1,0.0748466,0.149351
2.66401,1,0.0748941,0.149441
2.66601,1,0.0749417,0.149532
2.66801,1,0.0749891,0.149622
2.67001,1,0.0750366,0.149712
2.67201,1,0.0750841,0.149802
2.67401,1,0.0751316,0.149892
2.67601,1,0.0751791,0.149982
2.67801,1,0.0752266,0.150072
2.68001,1,0.0752741,0.150162
2.68201,1,0.0753216,0.150252
2.68401,1,0.0753691,0.150343
2.68601,1,0.0754165,0.150433
2.68801,1,0.075464,0.150523
2.69001,1,0.0755115,0.150613
2.69201,1,0.075559,0.150703
2.69401,1,0.0756064,0.150793
2.69601,1,0.0756539,0.150883
2.69801,1,0.0757013,0.150973
2.70001,1,0.0757488,0.151063
2.70201,1,0.0757963,0.151153
2.70401,1,0.0758437,0.151243
2.70601,1,0.0758912,0.151333
2.70801,1,0.0759386,0.151423
2.71001,1,0.0759861,0.151513
2.71201,1,0.0760335,0.151603
2.71401,1,0.076081,0.151693
2.71601,1,0.0761284,0.151783
2.71801,1,0.0761758,0.151873
2.72002,1,0.0762233,0.151963
2.72202,1,0.0762707,0.152053
2.72402,1,0.0763181,0.152143
2.72602,1,0.0763656,0.152233
2.72802,1,0.076413,0.152323
2.73002,1,0.0764604,0.152413
2.73202,1,0.0765078,0.152503
2.73402,1,0.0765553,0.152593
2.73602,1,0.0766027,0.152683
2.73802,1,0.0766501,0.152773
2.74002,1,0.0766975,0.152863
2.74202,1,0.0767449,0.152953
2.74402,1,0.0767923,0.153043
2.74602,1,0.0768397,0.153133
2.74802,1,0.0768871,0.153223
2.75002,1,0.0769345,0.153313
2.75202,1,0.0769819,0.153403
2.75402,1,0.0770293,0.153493
2.75602,1,0.0770767,0.153583
2.75802,1,0.0771241,0.153673
2.76002,1,0.0771715,0.153763
2.76202,1,0.0772189,0.153852
2.76402,1,0.0772662,0.153942
2.76602,1,0.0773136,0.154032
2.76802,1,0.077361,0.154122
2.77002,1,0.0774084,0.154212
2.77202,1,0.0774558,0.154302
2.77402,1,0.0775031,0.154392
2.77602,1,0.0775505,0.154482
2.77802,1,0.0775979,0.154572
2.78002,1,0.0776452,0.154661
2.78202,1,0.0776926,0.154751
2.78402,1,0.0777399,0.154841
2.78602,1,0.0777873,0.154931
2.78802,1,0.0778347,0.155021
2.79002,1,0.077882,0.155111
2.79202,1,0.0779293,0.1552
2.79402,1,0.0779767,0.15529
2.79602,1,0.078024,0.15538
2.79802,1,0.0780714,0.15547
2.80002,1,0.0781187,0.15556
2.80202,1,0.0781661,0.15565
2.80402,1,0.0782134,0.155739
2.80602,1,0.0782607,0.155829
2.80802,1,0.078308,0.155919
2.81002,1,0.0783554,0.156009
2.81202,1,0.0784027,0.156099
2.81402,1,0.07845,0.156188
2.81602,1,0.0784973,0.156278
2.81802,1,0.0785447,0.156368
2.82002,1,0.078592,0.156458
2.82202,1,0.0786393,0.156548
2.82402,1,0.0786866,0.156637
2.82602,1,0.0787339,0.156727
2.82802,1,0.0787812,0.156817
2.83002,1,0.0788285,0.156907
2.83202,1,0.0788758,0.156996
2.83402,1,0.0789231,0.157086
2.83602,1,0.0789704,0.157176
2.83802,1,0.0790177,0.157266
2.84002,1,0.079065,0.157355
2.84202,1,0.0791123,0.157445
2.84402,1,0.0791595,0.157535
2.84602,1,0.0792068,0.157624
2.84802,1,0.0792541,0.157714
2.85002,1,0.0793014,0.157804
2.85202,1,0.0793487,0.157894
2.85402,1,0.0793959,0.157983
2.85602,1,0.0794432,0.158073
2.85802,1,0.0794905,0.158163
2.86002,1,0.0795377,0.158252
2.86202,1,0.079585,0.158342
2.86402,1,0.0796323,0.158432
2.86602,1,0.0796795,0.158521
2.86802,1,0.0797268,0.158611
2.87002,1,0.079774,0.158701
2.87202,1,0.0798213,0.15879
2.87402,1,0.0798685,0.15888
2.87602,1,0.0799158,0.15897
2.87802,1,0.079963,0.159059
2.88002,1,0.0800103,0.159149
2.88202,1,0.0800575,0.159239
2.88402,1,0.0801047,0.159328
2.88602,1,0.080152,0.159418
2.88802,1,0.0801992,0.159507
2.89002,1,0.0802464,0.159597
2.89202,1,0.0802937,0.159687
2.89402,1,0.0803409,0.159776
2.89602,1,0.0803881,0.159866
2.89802,1,0.0804353,0.159955
2.90002,1,0.0804825,0.160045
2.90202,1,0.0805298,0.160135
2.90402,1,0.080577,0.160224
2.90602,1,0.0806242,0.160314
2.90802,1,0.0806714,0.160403
2.91002,1,0.0807186,0.160493
2.91202,1,0.0807658,0.160582
2.91402,1,0.080813,0.160672
2.91602,1,0.0808602,0.160762
2.91802,1,0.0809074,0.160851
2.92002,1,0.0809546,0.160941
2.92202,1,0.0810018,0.16103
2.92402,1,0.081049,0.16112
2.92602,1,0.0810961,0.161209
2.92802,1,0.0811433,0.161299
2.93002,1,0.0811905,0.161388
2.93202,1,0.0812377,0.161478
2.93403,1,0.0812849,0.161567
2.93603,1,0.081332,0.161657
2.93803,1,0.0813792,0.161746
2.94003,1,0.0814264,0.161836
2.94203,1,0.0814735,0.161925
2.94403,1,0.0815207,0.162015
2.94603,1,0.0815679,0.162104
2.94803,1,0.081615,0.162194
2.95003,1,0.0816622,0.162283
2.95203,1,0.0817093,0.162373
2.95403,1,0.0817565,0.162462
2.95603,1,0.0818036,0.162552
2.95803,1,0.0818508,0.162641
2.96003,1,0.0818979,0.162731
2.96203,1,0.0819451,0.16282
2.96403,1,0.0819922,0.162909
2.96603,1,0.0820393,0.162999
2.96803,1,0.0820865,0.163088
2.97003,1,0.0821336,0.163178
2.97203,1,0.0821807,0.163267
2.97403,1,0.0822279,0.163357
2.97603,1,0.082275,0.163446
2.97803,1,0.0823221,0.163535
2.98003,1,0.0823692,0.163625
2.98203,1,0.0824164,0.163714
2.98403,1,0.0824635,0.163804
2.98603,1,0.0825106,0.163893
2.98803,1,0.0825577,0.163982
2.99003,1,0.0826048,0.164072
2.99203,1,0.0826519,0.164161
2.99403,1,0.082699,0.164251
2.99603,1,0.0827461,0.16434
2.99803,1,0.0827932,0.164429
3.00003,1,0.0828403,0.164519
3.00203,1,0.0828874,0.164608
3.00403,1,0.0829345,0.164697
3.00603,1,0.0829816,0.164787
3.00803,1,0.0830287,0.164876
3.01003,1,0.0830757,0.164965
3.01203,1,0.0831228,0.165055
3.01403,1,0.0831699,0.165144
3.01603,1,0.083217,0.165233
3.01803,1,0.0832641,0.165323
3.02003,1,0.0833111,0.165412
3.02203,1,0.0833582,0.165501
3.02403,1,0.0834053,0.165591
3.02603,1,0.0834523,0.16568
3.02803,1,0.0834994,0.165769
3.03003,1,0.0835465,0.165859
3.03203,1,0.0835935,0.165948
3.03403,1,0.0836406,0.166037
3.03603,1,0.0836876,0.166126
3.03803,1,0.0837347,0.166216
3.04003,1,0.0837817,0.166305
3.04203,1,0.0838288,0.166394
3.04403,1,0.0838758,0.166483
3.04603,1,0.0839228,0.166573
3.04803,1,0.0839699,0.166662
3.05003,1,0.0840169,0.166751
3.05203,1,0.084064,0.16684
3.05403,1,0.084111,0.16693
3.05603,1,0.084158,0.167019
3.05803,1,0.084205,0.167108
3.06003,1,0.0842521,0.167197
3.06203,1,0.0842991,0.167287
3.06403,1,0.0843461,0.167376
3.06603,1,0.0843931,0.167465
3.06803,1,0.0844401,0.167554
3.07003,1,0.0844871,0.167643
3.07203,1,0.0845341,0.167733
3.07403,1,0.0845812,0.167822
3.07603,1,0.0846282,0.167911
3.07803,1,0.0846752,0.168
3.08003,1,0.0847222,0.168089
3.08203,1,0.0847692,0.168179
3.08403,1,0.0848162,0.168268
3.08603,1,0.0848631,0.168357
3.08803,1,0.0849101,0.168446
3.09003,1,0.0849571,0.168535
3.09203,1,0.0850041,0.168624
3.09403,1,0.0850511,0.168713
3.09603,1,0.0850981,0.168803
3.09803,1,0.085145,0.168892
3.10003,1,0.085192,0.168981
3.10203,1,0.085239,0.16907
3.10403,1,0.085286,0.169159
3.10603,1,0.0853329,0.169248
3.10803,1,0.0853799,0.169337
3.11003,1,0.0854269,0.169427
3.11203,1,0.0854738,0.169516
3.11403,1,0.0855208,0.169605
3.11603,1,0.0855677,0.169694
3.11803,1,0.0856147,0.169783
3.12003,1,0.0856616,0.169872
3.12203,1,0.0857086,0.169961
3.12403,1,0.0857555,0.17005
3.12603,1,0.0858025,0.170139
3.12803,1,0.0858494,0.170228
3.13003,1,0.0858964,0.170317
3.13203,1,0.0859433,0.170406
3.13403,1,0.0859902,0.170495
3.13603,1,0.0860372,0.170584
3.13803,1,0.0860841,0.170674
3.14003,1,0.086131,0.170763
3.14203,1,0.0861779,0.170852
3.14403,1,0.0862249,0.170941
3.14603,1,0.0862718,0.17103
3.14804,1,0.0863187,0.171119
3.15004,1,0.0863656,0.171208
3.15204,1,0.0864125,0.171297
3.15404,1,0.0864594,0.171386
3.15604,1,0.0865063,0.171475
3.15804,1,0.0865533,0.171564
3.16004,1,0.0866002,0.171653
3.16204,1,0.0866471,0.171742
3.16404,1,0.086694,0.171831
3.16604,1,0.0867409,0.17192
3.16804,1,0.0867877,0.172009
3.17004,1,0.0868346,0.172098
3.17204,1,0.0868815,0.172187
3.17404,1,0.0869284,0.172276
3.17604,1,0.0869753,0.172365
3.17804,1,0.0870222,0.172453
3.18004,1,0.0870691,0.172542
3.18204,1,0.0871159,0.172631
3.18404,1,0.0871628,0.17272
3.18604,1,0.0872097,0.172809
3.18804,1,0.0872566,0.172898
3.19004,1,0.0873034,0.172987
3.19204,1,0.0873503,0.173076
3.19404,1,0.0873971,0.173165
3.19604,1,0.087444,0.173254
3.19804,1,0.0874909,0.173343
3.20004,1,0.0875377,0.173432
3.20204,1,0.0875846,0.173521
3.20404,1,0.0876314,0.173609
3.20604,1,0.0876783,0.173698
3.20804,1,0.0877251,0.173787
3.21004,1,0.0877719,0.173876
3.21204,1,0.0878188,0.173965
3.21404,1,0.0878656,0.174054
3.21604,1,0.0879125,0.174143
3.21804,1,0.0879593,0.174232
3.22004,1,0.0880061,0.17432
3.22204,1,0.088053,0.174409
3.22404,1,0.0880998,0.174498
3.22604,1,0.0881466,0.174587
3.22804,1,0.0881934,0.174676
3.23004,1,0.0882402,0.174765
3.23204,1,0.0882871,0.174854
3.23404,1,0.0883339,0.174942
3.23604,1,0.0883807,0.175031
3.23804,1,0.0884275,0.17512
3.24004,1,0.0884743,0.175209
3.24204,1,0.0885211,0.175298
3.24404,1,0.0885679,0.175386
3.24604,1,0.0886147,0.175475
3.24804,1,0.0886615,0.175564
3.25004,1,0.0887083,0.175653
3.25204,1,0.0887551,0.175742
3.25404,1,0.0888019,0.17583
3.25604,1,0.0888487,0.175919
3.25804,1,0.0888955,0.176008
3.26004,1,0.0889422,0.176097
3.26204,1,0.088989,0.176185
3.26404,1,0.0890358,0.176274
3.26604,1,0.0890826,0.176363
3.26804,1,0.0891293,0.176452
3.27004,1,0.0891761,0.17654
3.27204,1,0.0892229,0.176629
3.27404,1,0.0892696,0.176718
3.27604,1,0.0893164,0.176807
3.27804,1,0.0893632,0.176895
3.28004,1,0.0894099,0.176984
3.28204,1,0.0894567,0.177073
3.28404,1,0.0895034,0.177162
3.28604,1,0.0895502,0.17725
3.28804,1,0.0895969,0.177339
3.29004,1,0.0896437,0.177428
3.29204,1,0.0896904,0.177516
3.29404,1,0.0897372,0.177605
3.29604,1,0.0897839,0.177694
3.29804,1,0.0898307,0.177782
3.30004,1,0.0898774,0.177871
3.30204,1,0.0899241,0.17796
3.30404,1,0.0899708,0.178048
3.30604,1,0.0900176,0.178137
3.30804,1,0.0900643,0.178226
3.31004,1,0.090111,0.178314
3.31204,1,0.0901577,0.178403
3.31404,1,0.0902045,0.178492
3.31604,1,0.0902512,0.17858
3.31804,1,0.0902979,0.178669
3.32004,1,0.0903446,0.178758
3.32204,1,0.0903913,0.178846
3.32404,1,0.090438,0.178935
3.32604,1,0.0904847,0.179023
3.32804,1,0.0905314,0.179112
3.33004,1,0.0905781,0.179201
3.33204,1,0.0906248,0.179289
3.33404,1,0.0906715,0.179378
3.33604,1,0.0907182,0.179466
3.33804,1,0.0907649,0.179555
3.34004,1,0.0908116,0.179644
3.34204,1,0.0908583,0.179732
3.34404,1,0.0909049,0.179821
3.34604,1,0.0909516,0.179909
3.34804,1,0.0909983,0.179998
3.35004,1,0.091045,0.180086
3.35204,1,0.0910916,0.180175
3.35404,1,0.0911383,0.180264
3.35604,1,0.091185,0.180352
3.35804,1,0.0912316,0.180441
3.36004,1,0.0912783,0.180529
3.36205,1,0.091325,0.180618
3.36405,1,0.0913716,0.180706
3.36605,1,0.0914183,0.180795
3.36805,1,0.0914649,0.180883
3.37005,1,0.0915116,0.180972
3.37205,1,0.0915582,0.18106
3.37405,1,0.0916049,0.181149
3.37605,1,0.0916515,0.181237
3.37805,1,0.0916982,0.181326
3.38005,1,0.0917448,0.181414
3.38205,1,0.0917914,0.181503
3.38405,1,0.0918381,0.181591
3.38605,1,0.0918847,0.18168
3.38805,1,0.0919313,0.181768
3.39005,1,0.091978,0.181857
3.39205,1,0.0920246,0.181945
3.39405,1,0.0920712,0.182034
3.39605,1,0.0921178,0.182122
3.39805,1,0.0921644,0.182211
3.40005,1,0.0922111,0.182299
3.40205,1,0.0922577,0.182387
3.40405,1,0.0923043,0.182476
3.40605,1,0.0923509,0.182564
3.40805,1,0.0923975,0.182653
3.41005,1,0.0924441,0.182741
3.41205,1,0.0924907,0.18283
3.41405,1,0.0925373,0.182918
3.41605,1,0.0925839,0.183006
3.41805,1,0.0926305,0.183095
3.42005,1,0.0926771,0.183183
3.42205,1,0.0927237,0.183272
3.42405,1,0.0927703,0.18336
3.42605,1,0.0928168,0.183448
3.42805,1,0.0928634,0.183537
3.43005,1,0.09291,0.183625
3.43205,1,0.0929566,0.183714
3.43405,1,0.0930031,0.183802
3.43605,1,0.0930497,0.18389
3.43805,1,0.0930963,0.183979
3.44005,1,0.0931429,0.184067
3.44205,1,0.0931894,0.184155
3.44405,1,0.093236,0.184244
3.44605,1,0.0932825,0.184332
3.44805,1,0.0933291,0.18442
3.45005,1,0.0933757,0.184509
3.45205,1,0.0934222,0.184597
3.45405,1,0.0934688,0.184685
3.45605,1,0.0935153,0.184774
3.45805,1,0.0935619,0.184862
3.46005,1,0.0936084,0.18495
3.46205,1,0.0936549,0.185039
3.46405,1,0.0937015,0.185127
3.46605,1,0.093748,0.185215
3.46805,1,0.0937945,0.185304
3.47005,1,0.0938411,0.185392
3.47205,1,0.0938876,0.18548
3.47405,1,0.0939341,0.185568
3.47605,1,0.0939807,0.185657
3.47805,1,0.0940272,0.185745
3.48005,1,0.0940737,0.185833
3.48205,1,0.0941202,0.185921
3.48405,1,0.0941667,0.18601
3.48605,1,0.0942132,0.186098
3.48805,1,0.0942597,0.186186
3.49005,1,0.0943063,0.186274
3.49205,1,0.0943528,0.186363
3.49405,1,0.0943993,0.186451
3.49605,1,0.0944458,0.186539
3.49805,1,0.0944923,0.186627
3.50005,1,0.0945387,0.186716
3.50205,1,0.0945852,0.186804
3.50405,1,0.0946317,0.186892
3.50605,1,0.0946782,0.18698
3.50805,1,0.0947247,0.187068
3.51005,1,0.0947712,0.187157
3.51205,1,0.0948177,0.187245
3.51405,1,0.0948642,0.187333
3.51605,1,0.0949106,0.187421
3.51805,1,0.0949571,0.187509
3.52005,1,0.0950036,0.187598
3.52205,1,0.09505,0.187686
3.52405,1,0.0950965,0.187774
3.52605,1,0.095143,0.187862
3.52805,1,0.0951894,0.18795
3.53005,1,0.0952359,0.188038
3.53205,1,0.0952824,0.188127
3.53405,1,0.0953288,0.188215
3.53605,1,0.0953753,0.188303
3.53805,1,0.0954217,0.188391
3.54005,1,0.0954682,0.188479
3.54205,1,0.0955146,0.188567
3.54405,1,0.095561,0.188655
3.54605,1,0.0956075,0.188743
3.54805,1,0.0956539,0.188832
3.55005,1,0.0957004,0.18892
3.55205,1,0.0957468,0.189008
3.55405,1,0.0957932,0.189096
3.55605,1,0.0958396,0.189184
3.55805,1,0.0958861,0.189272
3.56005,1,0.0959325,0.18936
3.56205,1,0.0959789,0.189448
3.56405,1,0.0960253,0.189536
3.56605,1,0.0960718,0.189624
3.56805,1,0.0961182,0.189712
3.57005,1,0.0961646,0.189801
3.57205,1,0.096211,0.189889
3.57405,1,0.0962574,0.189977
3.57606,1,0.0963038,0.190065
3.57806,1,0.0963502,0.190153
3.58006,1,0.0963966,0.190241
3.58206,1,0.096443,0.190329
3.58406,1,0.0964894,0.190417
3.58606,1,0.0965358,0.190505
3.58806,1,0.0965822,0.190593
3.59006,1,0.0966286,0.190681
3.59206,1,0.096675,0.190769
3.59406,1,0.0967213,0.190857
3.59606,1,0.0967677,0.190945
3.59806,1,0.0968141,0.191033
3.60006,1,0.0968605,0.191121
3.60206,1,0.0969068,0.191209
3.60406,1,0.0969532,0.191297
3.60606,1,0.0969996,0.191385
3.60806,1,0.097046,0.191473
3.61006,1,0.0970923,0.191561
3.61206,1,0.0971387,0.191649
3.61406,1,0.097185,0.191737
3.61606,1,0.0972314,0.191825
3.61806,1,0.0972778,0.191913
3.62006,1,0.0973241,0.192001
3.62206,1,0.0973705,0.192089
3.62406,1,0.0974168,0.192177
3.62606,1,0.0974631,0.192264
3.62806,1,0.0975095,0.192352
3.63006,1,0.0975558,0.19244
3.63206,1,0.0976022,0.192528
3.63406,1,0.0976485,0.192616
3.63606,1,0.0976948,0.192704
3.63806,1,0.0977412,0.192792
3.64006,1,0.0977875,0.19288
3.64206,1,0.0978338,0.192968
3.64406,1,0.0978801,0.193056
3.64606,1,0.0979265,0.193144
3.64806,1,0.0979728,0.193231
3.65006,1,0.0980191,0.193319
3.65206,1,0.0980654,0.193407
3.65406,1,0.0981117,0.193495
3.65606,1,0.098158,0.193583
3.65806,1,0.0982043,0.193671
3.66006,1,0.0982506,0.193759
3.66206,1,0.0982969,0.193847
3.66406,1,0.0983432,0.193934
3.66606,1,0.0983895,0.194022
3.66806,1,0.0984358,0.19411
3.67006,1,0.0984821,0.194198
3.67206,1,0.0985284,0.194286
3.67406,1,0.0985747,0.194374
3.67606,1,0.098621,0.194461
3.67806,1,0.0986673,0.194549
3.68006,1,0.0987136,0.194637
3.68206,1,0.0987598,0.194725
3.68406,1,0.0988061,0.194813
3.68606,1,0.0988524,0.1949
3.68806,1,0.0988987,0.194988
3.69006,1,0.0989449,0.195076
3.69206,1,0.0989912,0.195164
3.69406,1,0.0990375,0.195252
3.69606,1,0.0990837,0.195339
3.69806,1,0.09913,0.195427
3.70006,1,0.0991762,0.195515
3.70206,1,0.0992225,0.195603
3.70406,1,0.0992687,0.19569
3.70606,1,0.099315,0.195778
3.70806,1,0.0993612,0.195866
3.71006,1,0.0994075,0.195954
3.71206,1,0.0994537,0.196041
3.71406,1,0.0995,0.196129
3.71606,1,0.0995462,0.196217
3.71806,1,0.0995924,0.196305
3.72006,1,0.0996387,0.196392
3.72206,1,0.0996849,0.19648
3.72406,1,0.0997311,0.196568
3.72606,1,0.0997774,0.196656
3.72806,1,0.0998236,0.196743
3.73006,1,0.0998698,0.196831
3.73206,1,0.099916,0.196919
3.73406,1,0.0999622,0.197006
3.73606,1,0.100008,0.197094
3.73806,1,0.100055,0.197182
3.74006,1,0.100101,0.197269
3.74206,1,0.100147,0.197357
3.74406,1,0.100193,0.197445
3.74606,1,0.100239,0.197532
3.74806,1,0.100286,0.19762
3.75006,1,0.100332,0.197708
3.75206,1,0.100378,0.197795
3.75406,1,0.100424,0.197883
3.75606,1,0.10047,0.197971
3.75806,1,0.100517,0.198058
3.76006,1,0.100563,0.198146
3.76206,1,0.100609,0.198234
3.76406,1,0.100655,0.198321
3.76606,1,0.100701,0.198409
3.76806,1,0.100748,0.198496
3.77006,1,0.100794,0.198584
3.77206,1,0.10084,0.198672
3.77406,1,0.100886,0.198759
3.77606,1,0.100932,0.198847
3.77806,1,0.100978,0.198934
3.78006,1,0.101025,0.199022
3.78206,1,0.101071,0.19911
3.78406,1,0.101117,0.199197
3.78606,1,0.101163,0.199285
3.78806,1,0.101209,0.199372
3.79007,1,0.101255,0.19946
3.79207,1,0.101301,0.199547
3.79407,1,0.101348,0.199635
3.79607,1,0.101394,0.199723
3.79807,1,0.10144,0.19981
3.80007,1,0.101486,0.199898
3.80207,1,0.101532,0.199985
3.80407,1,0.101578,0.200073
3.80607,1,0.101624,0.20016
3.80807,1,0.101671,0.200248
3.81007,1,0.101717,0.200335
3.81207,1,0.101763,0.200423
3.81407,1,0.101809,0.20051
3.81607,1,0.101855,0.200598
3.81807,1,0.101901,0.200685
3.82007,1,0.101947,0.200773
3.82207,1,0.101993,0.20086
3.82407,1,0.10204,0.200948
3.82607,1,0.102086,0.201035
3.82807,1,0.102132,0.201123
3.83007,1,0.102178,0.20121
3.83207,1,0.102224,0.201298
3.83407,1,0.10227,0.201385
3.83607,1,0.102316,0.201473
3.83807,1,0.102362,0.20156
3.84007,1,0.102408,0.201648
3.84207,1,0.102454,0.201735
3.84407,1,0.102501,0.201823
3.84607,1,0.102547,0.20191
3.84807,1,0.102593,0.201997
3.85007,1,0.102639,0.202085
3.85207,1,0.102685,0.202172
3.85407,1,0.102731,0.20226
3.85607,1,0.102777,0.202347
3.85807,1,0.102823,0.202434
3.86007,1,0.102869,0.202522
3.86207,1,0.102915,0.202609
3.86407,1,0.102961,0.202697
3.86607,1,0.103007,0.202784
3.86807,1,0.103053,0.202872
3.87007,1,0.103099,0.202959
3.87207,1,0.103145,0.203046
3.87407,1,0.103192,0.203134
3.87607,1,0.103238,0.203221
3.87807,1,0.103284,0.203308
3.88007,1,0.10333,0.203396
3.88207,1,0.103376,0.203483
3.88407,1,0.103422,0.20357
3.88607,1,0.103468,0.203658
3.88807,1,0.103514,0.203745
3.89007,1,0.10356,0.203833
3.89207,1,0.103606,0.20392
3.89407,1,0.103652,0.204007
3.89607,1,0.103698,0.204095
3.89807,1,0.103744,0.204182
3.90007,1,0.10379,0.204269
3.90207,1,0.103836,0.204356
3.90407,1,0.103882,0.204444
3.90607,1,0.103928,0.204531
3.90807,1,0.103974,0.204618
3.91007,1,0.10402,0.204706
3.91207,1,0.104066,0.204793
3.91407,1,0.104112,0.20488
3.91607,1,0.104158,0.204968
3.91807,1,0.104204,0.205055
3.92007,1,0.10425,0.205142
3.92207,1,0.104296,0.205229
3.92407,1,0.104342,0.205317
3.92607,1,0.104388,0.205404
3.92807,1,0.104434,0.205491
3.93007,1,0.10448,0.205578
3.93207,1,0.104526,0.205666
3.93407,1,0.104572,0.205753
3.93607,1,0.104618,0.20584
3.93807,1,0.104664,0.205927
3.94007,1,0.10471,0.206015
3.94207,1,0.104756,0.206102
3.94407,1,0.104802,0.206189
3.94607,1,0.104848,0.206276
3.94807,1,0.104894,0.206363
3.95007,1,0.10494,0.206451
3.95207,1,0.104986,0.206538
3.95407,1,0.105032,0.206625
3.95607,1,0.105078,0.206712
3.95807,1,0.105124,0.206799
3.96007,1,0.105169,0.206887
3.96207,1,0.105215,0.206974
3.96407,1,0.105261,0.207061
3.96607,1,0.105307,0.207148
3.96807,1,0.105353,0.207235
3.97007,1,0.105399,0.207323
3.97207,1,0.105445,0.20741
3.97407,1,0.105491,0.207497
3.97607,1,0.105537,0.207584
3.97807,1,0.105583,0.207671
3.98007,1,0.105629,0.207758
3.98207,1,0.105675,0.207845
3.98407,1,0.105721,0.207933
3.98607,1,0.105767,0.20802
3.98807,1,0.105813,0.208107
3.99007,1,0.105858,0.208194
3.99207,1,0.105904,0.208281
3.99407,1,0.10595,0.208368
3.99607,1,0.105996,0.208455
3.99807,1,0.106042,0.208542
4.00007,1,0.106088,0.208629
4.00207,1,0.106134,0.208717
4.00407,1,0.10618,0.208804
4.00607,1,0.106226,0.208891
4.00807,1,0.106272,0.208978
4.01007,1,0.106317,0.209065
4.01207,1,0.106363,0.209152
4.01407,1,0.106409,0.209239
4.01607,1,0.106455,0.209326
4.01807,1,0.106501,0.209413
4.02007,1,0.106547,0.2095
4.02207,1,0.106593,0.209587
4.02407,1,0.106639,0.209674
4.02607,1,0.106684,0.209761
4.02807,1,0.10673,0.209848
4.03007,1,0.106776,0.209935
4.03207,1,0.106822,0.210022
4.03407,1,0.106868,0.210109
4.03607,1,0.106914,0.210196
4.03807,1,0.10696,0.210283
4.04007,1,0.107006,0.21037
4.04207,1,0.107051,0.210457
4.04407,1,0.107097,0.210544
4.04607,1,0.107143,0.210631
4.04807,1,0.107189,0.210718
4.05007,1,0.107235,0.210805
4.05207,1,0.107281,0.210892
4.05407,1,0.107326,0.210979
4.05607,1,0.107372,0.211066
4.05807,1,0.107418,0.211153
4.06007,1,0.107464,0.21124
4.06207,1,0.10751,0.211327
4.06407,1,0.107556,0.211414
4.06607,1,0.107601,0.211501
4.06807,1,0.107647,0.211588
4.07007,1,0.107693,0.211675
4.07207,1,0.107739,0.211762
4.07407,1,0.107785,0.211849
4.07607,1,0.107831,0.211936
4.07807,1,0.107876,0.212023
4.08007,1,0.107922,0.21211
4.08207,1,0.107968,0.212197
4.08407,1,0.108014,0.212283
4.08607,1,0.10806,0.21237
4.08807,1,0.108105,0.212457
4.09007,1,0.108151,0.212544
4.09207,1,0.108197,0.212631
4.09407,1,0.108243,0.212718
4.09607,1,0.108289,0.212805
4.09807,1,0.108334,0.212892
4.10007,1,0.10838,0.212979
4.10207,1,0.108426,0.213065
4.10407,1,0.108472,0.213152
4.10607,1,0.108517,0.213239
4.10807,1,0.108563,0.213326
4.11007,1,0.108609,0.213413
4.11207,1,0.108655,0.2135
4.11407,1,0.108701,0.213587
4.11607,1,0.108746,0.213673
4.11807,1,0.108792,0.21376
4.12007,1,0.108838,0.213847
4.12207,1,0.108884,0.213934
4.12407,1,0.108929,0.214021
4.12607,1,0.108975,0.214108
4.12807,1,0.109021,0.214194
4.13007,1,0.109067,0.214281
4.13207,1,0.109112,0.214368
4.13407,1,0.109158,0.214455
4.13607,1,0.109204,0.214542
4.13806,1,0.10925,0.214628
4.14006,1,0.109295,0.214715
4.14206,1,0.109341,0.214802
4.14406,1,0.109387,0.214889
4.14606,1,0.109432,0.214975
4.14806,1,0.109478,0.215062
4.15006,1,0.109524,0.215149
4.15206,1,0.10957,0.215236
4.15406,1,0.109615,0.215322
4.15606,1,0.109661,0.215409
4.15806,1,0.109707,0.215496
4.16006,1,0.109753,0.215583
4.16206,1,0.109798,0.215669
4.16406,1,0.109844,0.215756
4.16606,1,0.10989,0.215843
4.16806,1,0.109935,0.21593
4.17006,1,0.109981,0.216016
4.17206,1,0.110027,0.216103
4.17406,1,0.110072,0.21619
4.17606,1,0.110118,0.216276
4.17806,1,0.110164,0.216363
4.18006,1,0.11021,0.21645
4.18206,1,0.110255,0.216537
4.18406,1,0.110301,0.216623
4.18606,1,0.110347,0.21671
4.18806,1,0.110392,0.216797
4.19006,1,0.110438,0.216883
4.19206,1,0.110484,0.21697
4.19406,1,0.110529,0.217057
4.19606,1,0.110575,0.217143
4.19806,1,0.110621,0.21723
4.20006,1,0.110666,0.217317
4.20206,1,0.110712,0.217403
4.20406,1,0.110758,0.21749
4.20606,1,0.110803,0.217576
4.20806,1,0.110849,0.217663
4.21006,1,0.110895,0.21775
4.21206,1,0.11094,0.217836
4.21406,1,0.110986,0.217923
4.21606,1,0.111032,0.21801
4.21806,1,0.111077,0.218096
4.22006,1,0.111123,0.218183
4.22206,1,0.111168,0.218269
4.22406,1,0.111214,0.218356
4.22606,1,0.11126,0.218443
4.22806,1,0.111305,0.218529
4.23006,1,0.111351,0.218616
4.23206,1,0.111397,0.218702
4.23406,1,0.111442,0.218789
4.23606,1,0.111488,0.218875
4.23806,1,0.111534,0.218962
4.24006,1,0.111579,0.219049
4.24206,1,0.111625,0.219135
4.24406,1,0.11167,0.219222
4.24606,1,0.111716,0.219308
4.24806,1,0.111762,0.219395
4.25006,1,0.111807,0.219481
4.25206,1,0.111853,0.219568
4.25406,1,0.111898,0.219654
4.25606,1,0.111944,0.219741
4.25806,1,0.11199,0.219827
4.26006,1,0.112035,0.219914
4.26206,1,0.112081,0.22
4.26406,1,0.112126,0.220087
4.26606,1,0.112172,0.220173
4.26806,1,0.112218,0.22026
4.27006,1,0.112263,0.220346
4.27206,1,0.112309,0.220433
4.27406,1,0.112354,0.220519
4.27605,1,0.1124,0.220606
4.27805,1,0.112446,0.220692
4.28005,1,0.112491,0.220779
4.28205,1,0.112537,0.220865
4.28405,1,0.112582,0.220952
4.28605,1,0.112628,0.221038
4.28805,1,0.112673,0.221125
4.29005,1,0.112719,0.221211
4.29205,1,0.112764,0.221298
4.29405,1,0.11281,0.221384
4.29605,1,0.112856,0.221471
4.29805,1,0.112901,0.221557
4.30005,1,0.112947,0.221643
4.30205,1,0.112992,0.22173
4.30405,1,0.113038,0.221816
4.30605,1,0.113083,0.221903
4.30805,1,0.113129,0.221989
4.31005,1,0.113174,0.222075
4.31205,1,0.11322,0.222162
4.31405,1,0.113265,0.222248
4.31605,1,0.113311,0.222335
4.31805,1,0.113357,0.222421
4.32005,1,0.113402,0.222507
4.32205,1,0.113448,0.222594
4.32405,1,0.113493,0.22268
4.32605,1,0.113539,0.222767
4.32805,1,0.113584,0.222853
4.33005,1,0.11363,0.222939
4.33205,1,0.113675,0.223026
4.33405,1,0.113721,0.223112
4.33605,1,0.113766,0.223198
4.33805,1,0.113812,0.223285
4.34005,1,0.113857,0.223371
4.34205,1,0.113903,0.223457
4.34405,1,0.113948,0.223544
4.34605,1,0.113994,0.22363
4.34805,1,0.114039,0.223716
4.35005,1,0.114085,0.223803
4.35205,1,0.11413,0.223889
4.35405,1,0.114176,0.223975
4.35605,1,0.114221,0.224062
4.35805,1,0.114267,0.224148
4.36005,1,0.114312,0.224234
4.36205,1,0.114358,0.22432
4.36405,1,0.114403,0.224407
4.36605,1,0.114449,0.224493
4.36805,1,0.114494,0.224579
4.37005,1,0.114539,0.224666
4.37205,1,0.114585,0.224752
4.37405,1,0.11463,0.224838
4.37605,1,0.114676,0.224924
4.37805,1,0.114721,0.225011
4.38005,1,0.114767,0.225097
4.38205,1,0.114812,0.225183
4.38405,1,0.114858,0.225269
4.38605,1,0.114903,0.225356
4.38805,1,0.114949,0.225442
4.39005,1,0.114994,0.225528
4.39205,1,0.115039,0.225614
4.39405,1,0.115085,0.2257
4.39605,1,0.11513,0.225787
4.39805,1,0.115176,0.225873
4.40005,1,0.115221,0.225959
4.40205,1,0.115267,0.226045
4.40405,1,0.115312,0.226131
4.40605,1,0.115357,0.226218
4.40805,1,0.115403,0.226304
4.41005,1,0.115448,0.22639
4.41205,1,0.115494,0.226476
4.41404,1,0.115539,0.226562
4.41604,1,0.115585,0.226649
4.41804,1,0.11563,0.226735
4.42004,1,0.115675,0.226821
4.42204,1,0.115721,0.226907
4.42404,1,0.115766,0.226993
4.42604,1,0.115812,0.227079
4.42804,1,0.115857,0.227166
4.43004,1,0.115902,0.227252
4.43204,1,0.115948,0.227338
4.43404,1,0.115993,0.227424
4.43604,1,0.116039,0.22751
4.43804,1,0.116084,0.227596
4.44004,1,0.116129,0.227682
4.44204,1,0.116175,0.227768
4.44404,1,0.11622,0.227855
4.44604,1,0.116266,0.227941
4.44804,1,0.116311,0.228027
4.45004,1,0.116356,0.228113
4.45204,1,0.116402,0.228199
4.45404,1,0.116447,0.228285
4.45604,1,0.116492,0.228371
4.45804,1,0.116538,0.228457
4.46004,1,0.116583,0.228543
4.46204,1,0.116628,0.228629
4.46404,1,0.116674,0.228715
4.46604,1,0.116719,0.228801
4.46804,1,0.116765,0.228887
4.47004,1,0.11681,0.228974
4.47204,1,0.116855,0.22906
4.47404,1,0.116901,0.229146
4.47604,1,0.116946,0.229232
4.47804,1,0.116991,0.229318
4.48004,1,0.117037,0.229404
4.48204,1,0.117082,0.22949
4.48404,1,0.117127,0.229576
4.48604,1,0.117173,0.229662
4.48804,1,0.117218,0.229748
4.49004,1,0.117263,0.229834
4.49204,1,0.117309,0.22992
4.49404,1,0.117354,0.230006
4.49604,1,0.117399,0.230092
4.49804,1,0.117445,0.230178
4.50004,1,0.11749,0.230264
4.50204,1,0.117535,0.23035
4.50404,1,0.117581,0.230436
4.50604,1,0.117626,0.230522
4.50804,1,0.117671,0.230608
4.51004,1,0.117716,0.230694
4.51204,1,0.117762,0.23078
4.51404,1,0.117807,0.230866
4.51604,1,0.117852,0.230951
4.51804,1,0.117898,0.231037
4.52004,1,0.117943,0.231123
4.52204,1,0.117988,0.231209
4.52404,1,0.118034,0.231295
4.52604,1,0.118079,0.231381
4.52804,1,0.118124,0.231467
4.53004,1,0.118169,0.231553
4.53204,1,0.118215,0.231639
4.53404,1,0.11826,0.231725
4.53604,1,0.118305,0.231811
4.53804,1,0.11835,0.231897
4.54004,1,0.118396,0.231983
4.54204,1,0.118441,0.232068
4.54404,1,0.118486,0.232154
4.54604,1,0.118532,0.23224
4.54804,1,0.118577,0.232326
4.55003,1,0.118622,0.232412
4.55203,1,0.118667,0.232498
4.55403,1,0.118713,0.232584
4.55603,1,0.118758,0.23267
4.55803,1,0.118803,0.232755
4.56003,1,0.118848,0.232841
4.56203,1,0.118894,0.232927
4.56403,1,0.118939,0.233013
4.56603,1,0.118984,0.233099
4.56803,1,0.119029,0.233185
4.57003,1,0.119075,0.23327
4.57203,1,0.11912,0.233356
4.57403,1,0.119165,0.233442
4.57603,1,0.11921,0.233528
4.57803,1,0.119255,0.233614
4.58003,1,0.119301,0.2337
4.58203,1,0.119346,0.233785
4.58403,1,0.119391,0.233871
4.58603,1,0.119436,0.233957
4.58803,1,0.119482,0.234043
4.59003,1,0.119527,0.234129
4.59203,1,0.119572,0.234214
4.59403,1,0.119617,0.2343
4.59603,1,0.119662,0.234386
4.59803,1,0.119708,0.234472
4.60003,1,0.119753,0.234557
4.60203,1,0.119798,0.234643
4.60403,1,0.119843,0.234729
4.60603,1,0.119888,0.234815
4.60803,1,0.119934,0.2349
4.61003,1,0.119979,0.234986
4.61203,1,0.120024,0.235072
4.61403,1,0.120069,0.235158
4.61603,1,0.120114,0.235243
4.61803,1,0.120159,0.235329
4.62003,1,0.120205,0.235415
4.62203,1,0.12025,0.235501
4.62403,1,0.120295,0.235586
4.62603,1,0.12034,0.235672
4.62803,1,0.120385,0.235758
4.63003,1,0.120431,0.235843
4.63203,1,0.120476,0.235929
4.63403,1,0.120521,0.236015
4.63603,1,0.120566,0.2361
4.63803,1,0.120611,0.236186
4.64003,1,0.120656,0.236272
4.64203,1,0.120701,0.236357
4.64403,1,0.120747,0.236443
4.64603,1,0.120792,0.236529
4.64803,1,0.120837,0.236614
4.65003,1,0.120882,0.2367
4.65203,1,0.120927,0.236786
4.65403,1,0.120972,0.236871
4.65603,1,0.121017,0.236957
4.65803,1,0.121063,0.237043
4.66003,1,0.121108,0.237128
4.66203,1,0.121153,0.237214
4.66403,1,0.121198,0.2373
4.66603,1,0.121243,0.237385
4.66803,1,0.121288,0.237471
4.67003,1,0.121333,0.237556
4.67203,1,0.121378,0.237642
4.67403,1,0.121424,0.237728
4.67603,1,0.121469,0.237813
4.67803,1,0.121514,0.237899
4.68003,1,0.121559,0.237984
4.68203,1,0.121604,0.23807
4.68403,1,0.121649,0.238156
4.68603,1,0.121694,0.238241
4.68802,1,0.121739,0.238327
4.69002,1,0.121784,0.238412
4.69202,1,0.121829,0.238498
4.69402,1,0.121875,0.238583
4.69602,1,0.12192,0.238669
4.69802,1,0.121965,0.238754
4.70002,1,0.12201,0.23884
4.70202,1,0.122055,0.238926
4.70402,1,0.1221,0.239011
4.70602,1,0.122145,0.239097
4.70802,1,0.12219,0.239182
4.71002,1,0.122235,0.239268
4.71202,1,0.12228,0.239353
4.71402,1,0.122325,0.239439
4.71602,1,0.12237,0.239524
4.71802,1,0.122416,0.23961
4.72002,1,0.122461,0.239695
4.72202,1,0.122506,0.239781
4.72402,1,0.122551,0.239866
4.72602,1,0.122596,0.239952
4.72802,1,0.122641,0.240037
4.73002,1,0.122686,0.240123
4.73202,1,0.122731,0.240208
4.73402,1,0.122776,0.240294
4.73602,1,0.122821,0.240379
4.73802,1,0.122866,0.240465
4.74002,1,0.122911,0.24055
4.74202,1,0.122956,0.240635
4.74402,1,0.123001,0.240721
4.74602,1,0.123046,0.240806
4.74802,1,0.123091,0.240892
4.75002,1,0.123136,0.240977
4.75202,1,0.123181,0.241063
4.75402,1,0.123226,0.241148
4.75602,1,0.123271,0.241233
4.75802,1,0.123316,0.241319
4.76002,1,0.123361,0.241404
4.76202,1,0.123406,0.24149
4.76402,1,0.123451,0.241575
4.76602,1,0.123496,0.241661
4.76802,1,0.123541,0.241746
4.77002,1,0.123586,0.241831
4.77202,1,0.123631,0.241917
4.77402,1,0.123676,0.242002
4.77602,1,0.123721,0.242087
4.77802,1,0.123766,0.242173
4.78002,1,0.123811,0.242258
4.78202,1,0.123856,0.242344
4.78402,1,0.123901,0.242429
4.78602,1,0.123946,0.242514
4.78802,1,0.123991,0.2426
4.79002,1,0.124036,0.242685
4.79202,1,0.124081,0.24277
4.79402,1,0.124126,0.242856
4.79602,1,0.124171,0.242941
4.79802,1,0.124216,0.243026
4.80002,1,0.124261,0.243112
4.80202,1,0.124306,0.243197
4.80402,1,0.124351,0.243282
4.80602,1,0.124396,0.243368
4.80802,1,0.124441,0.243453
4.81002,1,0.124486,0.243538
4.81202,1,0.124531,0.243624
4.81402,1,0.124576,0.243709
4.81602,1,0.124621,0.243794
4.81802,1,0.124666,0.243879
4.82002,1,0.124711,0.243965
4.82202,1,0.124756,0.24405
4.82402,1,0.124801,0.244135
4.82601,1,0.124846,0.24422
4.82801,1,0.12489,0.244306
4.83001,1,0.124935,0.244391
4.83201,1,0.12498,0.244476
4.83401,1,0.125025,0.244562
4.83601,1,0.12507,0.244647
4.83801,1,0.125115,0.244732
4.84001,1,0.12516,0.244817
4.84201,1,0.125205,0.244902
4.84401,1,0.12525,0.244988
4.84601,1,0.125295,0.245073
4.84801,1,0.12534,0.245158
4.85001,1,0.125385,0.245243
4.85201,1,0.12543,0.245329
4.85401,1,0.125474,0.245414
4.85601,1,0.125519,0.245499
4.85801,1,0.125564,0.245584
4.86001,1,0.125609,0.245669
4.86201,1,0.125654,0.245755
4.86401,1,0.125699,0.24584
4.86601,1,0.125744,0.245925
4.86801,1,0.125789,0.24601
4.87001,1,0.125834,0.246095
4.87201,1,0.125878,0.24618
4.87401,1,0.125923,0.246266
4.87601,1,0.125968,0.246351
4.87801,1,0.126013,0.246436
4.88001,1,0.126058,0.246521
4.88201,1,0.126103,0.246606
4.88401,1,0.126148,0.246691
4.88601,1,0.126193,0.246777
4.88801,1,0.126237,0.246862
4.89001,1,0.126282,0.246947
4.89201,1,0.126327,0.247032
4.89401,1,0.126372,0.247117
4.89601,1,0.126417,0.247202
4.89801,1,0.126462,0.247287
4.90001,1,0.126507,0.247372
4.90201,1,0.126551,0.247457
4.90401,1,0.126596,0.247543
4.90601,1,0.126641,0.247628
4.90801,1,0.126686,0.247713
4.91001,1,0.126731,0.247798
4.91201,1,0.126776,0.247883
4.91401,1,0.126821,0.247968
4.91601,1,0.126865,0.248053
4.91801,1,0.12691,0.248138
4.92001,1,0.126955,0.248223
4.92201,1,0.127,0.248308
4.92401,1,0.127045,0.248393
4.92601,1,0.12709,0.248478
4.92801,1,0.127134,0.248563
4.93001,1,0.127179,0.248648
4.93201,1,0.127224,0.248733
4.93401,1,0.127269,0.248819
4.93601,1,0.127314,0.248904
4.93801,1,0.127358,0.248989
4.94001,1,0.127403,0.249074
4.94201,1,0.127448,0.249159
4.94401,1,0.127493,0.249244
4.94601,1,0.127538,0.249329
4.94801,1,0.127582,0.249414
4.95001,1,0.127627,0.249499
4.95201,1,0.127672,0.249584
4.95401,1,0.127717,0.249669
4.95601,1,0.127762,0.249754
4.95801,1,0.127806,0.249839
4.96001,1,0.127851,0.249924
4.96201,1,0.127896,0.250008
4.964,1,0.127941,0.250093
4.966,1,0.127986,0.250178
4.968,1,0.12803,0.250263
4.97,1,0.128075,0.250348
4.972,1,0.12812,0.250433
4.974,1,0.128165,0.250518
4.976,1,0.128209,0.250603
4.978,1,0.128254,0.250688
4.98,1,0.128299,0.250773
4.982,1,0.128344,0.250858
4.984,1,0.128388,0.250943
4.986,1,0.128433,0.251028
4.988,1,0.128478,0.251113
4.99,1,0.128523,0.251198
4.992,1,0.128567,0.251283
4.994,1,0.128612,0.251367
4.996,1,0.128657,0.251452
4.998,1,0.128702,0.251537
